entry,month,name,burst_id,subswath,polarisation,acquisition_ts,incidence_angle_deg,window_mtime,window_mtime_epoch,vintage,expected_rule,verdict,unusable,no_rule,ambiguous,wrong_rule,off_target,outside_grid,matched_expected,matched_rules,match_count,flags,error,product,grid_points,grid_lat_min,grid_lat_max,grid_lon_min,grid_lon_max,mast_inside_grid,nearest_node_line,nearest_node_pixel,nearest_node_m,nearest_node_km,off_target_margin_km,window_samples,window_bytes,legacy_exact,legacy_fraction,legacy_center_line,legacy_center_pixel,legacy_ground_error_m,current_exact,current_fraction,current_center_line,current_center_pixel,current_ground_error_m,center_delta_line,center_delta_pixel,strip_rule,strip_samples,strip_exact,strip_fraction
2018-01/2018-01-01_3a08186e,2018-01,2018-01-01_3a08186e,3a08186e-cbcd-4938-92fa-726bf0b789b9,iw2,vv,2018-01-01T17:08:40.498491Z,38.64474192436912,2026-09-28T12:15:51+00:00,1790597751,post-fad0e46,current,consistent,0,0,0,0,0,0,1,current,1,,,S1A_IW_SLC__1SDV_20180101T170827_20180101T170854_019964_021FFD_2236.SAFE,210,51.559554,53.19427,8.821671,10.650236,1,7550,11682,8942.3,8.942,-1.058,1681,26896,0,0.000000,6855,11682,1420.7,1681,1.000000,6835,12059,0.0,20,-377,,,,
2018-01/2018-01-10_1fcdc05a,2018-01,2018-01-10_1fcdc05a,1fcdc05a-8302-43fd-a257-cf989d3dc10d,iw2,vv,2018-01-10T05:33:37.417268Z,40.42619303189394,2026-09-28T12:25:38+00:00,1790598338,post-fad0e46,current,consistent,0,0,0,0,0,0,1,current,1,,,S1A_IW_SLC__1SDV_20180110T053329_20180110T053357_020088_0223E7_0E3E.SAFE,210,51.190206,52.828386,9.071012,10.916577,1,3038,19965,9261.9,9.262,-0.738,1681,26896,0,0.000000,3858,18634,3733.9,1681,1.000000,3788,19647,0.0,70,-1013,,,,
2018-01/2018-01-19_6b1059af,2018-01,2018-01-19_6b1059af,6b1059af-2757-4491-af6f-b80333310abe,iw2,vv,2018-01-19T17:07:58.018915Z,38.7491961818929,2026-09-28T12:29:01+00:00,1790598541,post-fad0e46,current,consistent,0,0,0,0,0,0,1,current,1,,,S1B_IW_SLC__1SDV_20180119T170744_20180119T170811_009243_010909_D3C4.SAFE,210,51.561475,53.216381,8.832976,10.673863,1,7565,11727,8766.1,8.766,-1.234,1681,26896,0,0.000000,6921,11202,1954.2,1681,1.000000,6854,11677,0.0,67,-475,,,,
2018-01/2018-01-27_520587de,2018-01,2018-01-27_520587de,520587de-280a-4f0f-92a7-6781a891dcb3,iw1,vh,2018-01-27T05:41:47.722124Z,31.56210538676213,2026-09-28T12:32:39+00:00,1790598759,post-fad0e46,current,consistent,0,0,0,0,0,0,1,current,1,,,S1A_IW_SLC__1SDV_20180127T054127_20180127T054154_020336_022BC3_583C.SAFE,210,52.045171,53.692881,8.548381,10.438954,1,10549,4560,3796.2,3.796,-6.204,1681,26896,0,0.000000,11771,5338,11744.7,1681,1.000000,10847,4753,0.0,924,585,,,,
2018-02/2018-02-02_2d725591,2018-02,2018-02-02_2d725591,2d725591-6cc4-4cb2-b812-10c95542a323,iw1,vv,2018-02-02T05:41:02.803849Z,31.44551963167602,2026-09-28T12:35:06+00:00,1790598906,post-fad0e46,current,consistent,0,0,0,0,0,0,1,current,1,,,S1B_IW_SLC__1SDV_20180202T054101_20180202T054128_009440_010F85_241C.SAFE,210,51.054237,52.705542,8.250033,10.127469,1,1508,4656,4525.1,4.525,-5.475,1681,26896,0,0.000000,2746,5103,11526.9,1681,1.000000,1817,5199,0.0,929,-96,,,,
2018-02/2018-02-08_5ffa9388,2018-02,2018-02-08_5ffa9388,5ffa9388-a006-41f9-8cb7-35d346218369,iw1,vv,2018-02-08T05:41:44.754497Z,31.56296815083137,2026-09-28T12:37:51+00:00,1790599071,post-fad0e46,current,consistent,0,0,0,0,0,0,1,current,1,,,S1A_IW_SLC__1SDV_20180208T054127_20180208T054154_020511_02315A_D430.SAFE,210,52.045828,53.693792,8.548073,10.438794,1,10549,4560,3869.6,3.870,-6.130,1681,26896,0,0.000000,11765,5341,11602.1,1681,1.000000,10854,4746,0.0,911,595,,,,
2018-02/2018-02-15_4ac64ad1,2018-02,2018-02-15_4ac64ad1,4ac64ad1-e890-4ee7-88e1-966f71c3844d,iw2,vv,2018-02-15T05:33:36.469194Z,40.42807814053222,2026-09-28T12:41:17+00:00,1790599277,post-fad0e46,current,consistent,0,0,0,0,0,0,1,current,1,,,S1A_IW_SLC__1SDV_20180215T053328_20180215T053356_020613_0234A1_E042.SAFE,210,51.190279,52.828187,9.068721,10.914064,1,3038,19965,9248.0,9.248,-0.752,1681,26896,0,0.000000,3858,18634,3588.7,1681,1.000000,3786,19602,0.0,72,-968,,,,
2018-02/2018-02-24_8feb6082,2018-02,2018-02-24_8feb6082,8feb6082-e402-4d7e-92f7-f4231b83f932,iw2,vh,2018-02-24T17:07:57.325190Z,38.75078001468185,2026-09-28T12:44:43+00:00,1790599483,post-fad0e46,current,consistent,0,0,0,0,0,0,1,current,1,,,S1B_IW_SLC__1SDV_20180224T170743_20180224T170810_009768_011A52_2749.SAFE,210,51.561392,53.216566,8.832338,10.67331,1,7565,11727,8778.0,8.778,-1.222,1681,26896,1,0.000595,6921,11213,1955.3,1681,1.000000,6853,11687,0.0,68,-474,,,,
2018-03/2018-03-02_a812953b,2018-03,2018-03-02_a812953b,a812953b-8aad-4494-928b-376fd055eb97,iw2,vh,2018-03-02T17:08:39.311509Z,38.64732599781751,2026-09-28T12:47:27+00:00,1790599647,post-fad0e46,current,consistent,0,0,0,0,0,0,1,current,1,,,S1A_IW_SLC__1SDV_20180302T170826_20180302T170853_020839_023BC9_5D44.SAFE,210,51.559425,53.194031,8.820065,10.648525,1,7550,11682,8953.9,8.954,-1.046,1681,26896,0,0.000000,6856,11682,1537.3,1681,1.000000,6835,12090,0.0,21,-408,,,,
2018-03/2018-03-10_142f1d6e,2018-03,2018-03-10_142f1d6e,142f1d6e-47d9-401a-8c8f-c7211ed6e033,iw1,vh,2018-03-10T05:41:02.607911Z,31.45163236218811,2026-09-28T12:50:42+00:00,1790599842,post-fad0e46,current,consistent,0,0,0,0,0,0,1,current,1,strip 4400/4400,,S1B_IW_SLC__1SDV_20180310T054101_20180310T054128_009965_0120F5_A34A.SAFE,210,51.054009,52.705325,8.251729,10.129004,1,1508,4656,4594.4,4.594,-5.406,1681,26896,0,0.000000,2747,5077,11537.0,1681,1.000000,1818,5224,0.0,929,-147,current,4400,4400,1.000000
2018-03/2018-03-20_ab5abe4d,2018-03,2018-03-20_ab5abe4d,ab5abe4d-17f4-41cf-b807-82e8a17db9c2,iw2,vh,2018-03-20T17:07:57.429514Z,38.75348009657575,2026-09-28T12:56:28+00:00,1790600188,post-fad0e46,current,consistent,0,0,0,0,0,0,1,current,1,,,S1B_IW_SLC__1SDV_20180320T170743_20180320T170810_010118_0125E3_C19B.SAFE,210,51.561129,53.216042,8.834107,10.674836,1,7565,11727,8717.8,8.718,-1.282,1681,26896,0,0.000000,6924,11182,1957.6,1681,1.000000,6858,11660,0.0,66,-478,,,,
2018-03/2018-03-23_0a427bf8,2018-03,2018-03-23_0a427bf8,0a427bf8-6ce6-4d42-b03d-6a665566054d,iw2,vh,2018-03-23T05:33:36.531236Z,40.4332715212386,2026-09-28T12:59:08+00:00,1790600348,post-fad0e46,current,consistent,0,0,0,0,0,0,1,current,1,,,S1A_IW_SLC__1SDV_20180323T053329_20180323T053356_021138_024546_FEF3.SAFE,210,51.190303,52.828234,9.071062,10.9163,1,3038,19965,9258.5,9.258,-0.742,1681,26896,0,0.000000,3858,18634,3735.6,1681,1.000000,3788,19646,0.0,70,-1012,,,,
2018-04/2018-04-01_05d82fc1,2018-04,2018-04-01_05d82fc1,05d82fc1-b950-4303-9354-61d5f83acf7d,iw2,vv,2018-04-01T17:07:57.945017Z,38.75462117164785,2026-09-28T13:07:15+00:00,1790600835,post-fad0e46,current,consistent,0,0,0,0,0,0,1,current,1,,,S1B_IW_SLC__1SDV_20180401T170744_20180401T170811_010293_012B8E_A55F.SAFE,210,51.561093,53.216113,8.834228,10.674901,1,7565,11727,8725.8,8.726,-1.274,1681,26896,0,0.000000,6924,11181,1955.6,1681,1.000000,6857,11658,0.0,67,-477,,,,
2018-04/2018-04-09_5ab68f1d,2018-04,2018-04-09_5ab68f1d,5ab68f1d-62e0-4056-b80c-7015ef76c69e,iw1,vh,2018-04-09T05:41:45.212871Z,31.57427057757021,2026-09-28T13:11:08+00:00,1790601068,post-fad0e46,current,consistent,0,0,0,0,0,0,1,current,1,,,S1A_IW_SLC__1SDV_20180409T054127_20180409T054154_021386_024D13_C950.SAFE,210,52.045669,53.693477,8.546673,10.436859,1,10549,4560,3793.4,3.793,-6.207,1681,26896,0,0.000000,11767,5369,11742.3,1681,1.000000,10849,4721,0.0,918,648,,,,
2018-04/2018-04-15_e78ef952,2018-04,2018-04-15_e78ef952,e78ef952-f79f-4b92-9ea6-fb50e6311321,iw1,vv,2018-04-15T05:41:06.248207Z,31.45562071542459,2026-09-28T13:14:12+00:00,1790601252,post-fad0e46,current,consistent,0,0,0,0,0,0,1,current,1,,,S1B_IW_SLC__1SDV_20180415T054102_20180415T054129_010490_0131F2_FC3B.SAFE,210,51.054288,52.705697,8.249199,10.126279,1,1508,4656,4489.8,4.490,-5.510,1681,26896,0,0.000000,2744,5119,11495.1,1681,1.000000,1817,5182,0.0,927,-63,,,,
2018-04/2018-04-22_854172cf,2018-04,2018-04-22_854172cf,854172cf-3f2e-4abf-8204-7bc67ca40172,iw2,vv,2018-04-22T05:32:55.610796Z,40.33416860983233,2026-09-28T13:17:12+00:00,1790601432,post-fad0e46,current,consistent,0,0,0,0,0,0,1,current,1,,,S1B_IW_SLC__1SDV_20180422T053251_20180422T053318_010592_01352D_FE79.SAFE,210,51.027541,52.659833,9.06329,10.848593,1,1514,19200,9259.1,9.259,-0.741,1681,26896,0,0.000000,2284,19878,1882.7,1681,1.000000,2265,19357,0.0,19,521,,,,
2018-05/2018-05-01_6daeb0fd,2018-05,2018-05-01_6daeb0fd,6daeb0fd-59d7-46c1-9310-f0dc8e02f204,iw2,vh,2018-05-01T17:08:40.932603Z,38.65354434140684,2026-09-28T13:20:50+00:00,1790601650,post-fad0e46,current,consistent,0,0,0,0,0,0,1,current,1,,,S1A_IW_SLC__1SDV_20180501T170827_20180501T170855_021714_025757_30E9.SAFE,210,51.559531,53.194123,8.822316,10.650532,1,7550,11682,8930.1,8.930,-1.070,1681,26896,0,0.000000,6855,11682,1391.0,1681,1.000000,6835,12051,0.0,20,-369,,,,
2018-05/2018-05-09_144f60e0,2018-05,2018-05-09_144f60e0,144f60e0-f476-4b00-a261-41d0a8ce8421,iw1,vh,2018-05-09T05:41:07.294777Z,31.4572138376137,2026-09-28T13:24:22+00:00,1790601862,post-fad0e46,current,consistent,0,0,0,0,0,0,1,current,1,,,S1B_IW_SLC__1SDV_20180509T054103_20180509T054130_010840_013D34_833A.SAFE,210,51.054472,52.70576,8.24988,10.126888,1,1508,4656,4535.6,4.536,-5.464,1681,26896,0,0.000000,2743,5109,11447.1,1681,1.000000,1820,5191,0.0,923,-82,,,,
2018-05/2018-05-15_94097281,2018-05,2018-05-15_94097281,94097281-3f44-4038-8c49-d68cccdaee96,iw1,vv,2018-05-15T05:41:49.639590Z,31.57175512504667,2026-09-28T13:27:06+00:00,1790602026,post-fad0e46,current,consistent,0,0,0,0,0,0,1,current,1,,,S1A_IW_SLC__1SDV_20180515T054129_20180515T054156_021911_025DA7_9BD2.SAFE,210,52.045763,53.693804,8.544909,10.4352,1,10549,4560,3788.1,3.788,-6.212,1681,26896,0,0.000000,11764,5394,11762.0,1681,1.000000,10850,4695,0.0,914,699,,,,
2018-05/2018-05-22_8d7d7c0d,2018-05,2018-05-22_8d7d7c0d,8d7d7c0d-8e5a-4986-adac-ee2a9a173508,iw2,vh,2018-05-22T05:33:39.190447Z,40.4345048944764,2026-09-28T13:30:08+00:00,1790602208,post-fad0e46,current,consistent,0,0,0,0,0,0,1,current,1,strip 4400/4400,,S1A_IW_SLC__1SDV_20180522T053331_20180522T053358_022013_0260DD_9E10.SAFE,210,51.189958,52.828004,9.069387,10.914565,1,3038,19965,9228.5,9.229,-0.771,1681,26896,0,0.000000,3860,18634,3647.3,1681,1.000000,3784,19616,0.0,76,-982,current,4400,4400,1.000000
2018-05/2018-05-31_74ac43b5,2018-05,2018-05-31_74ac43b5,74ac43b5-f69e-4b14-9391-b8962c189b7a,iw2,vv,2018-05-31T17:08:00.563563Z,38.75868091770645,2026-09-28T13:34:26+00:00,1790602466,post-fad0e46,current,consistent,0,0,0,0,0,0,1,current,1,,,S1B_IW_SLC__1SDV_20180531T170746_20180531T170813_011168_0147C9_7ADD.SAFE,210,51.560683,53.215586,8.835796,10.676322,1,7565,11727,8652.9,8.653,-1.347,1681,26896,0,0.000000,6928,11153,1959.4,1681,1.000000,6863,11634,0.0,65,-481,,,,
2018-06/2018-06-02_200e2fd6,2018-06,2018-06-02_200e2fd6,200e2fd6-b2c8-45d0-b326-dddddff0f27c,iw1,vh,2018-06-02T05:41:08.647408Z,31.45343803053605,2026-09-28T13:35:49+00:00,1790602549,post-fad0e46,current,consistent,0,0,0,0,0,0,1,current,1,,,S1B_IW_SLC__1SDV_20180602T054104_20180602T054131_011190_014887_D122.SAFE,210,51.054571,52.705754,8.25146,10.128587,1,1508,4656,4611.1,4.611,-5.389,1681,26896,0,0.000000,2743,5083,11440.0,1681,1.000000,1821,5216,0.0,922,-133,,,,
2018-06/2018-06-08_9ee9e286,2018-06,2018-06-08_9ee9e286,9ee9e286-bcde-4e08-9e9a-78fdf4fb9cfe,iw1,vv,2018-06-08T05:41:48.280513Z,31.57142573832721,2026-09-28T13:38:07+00:00,1790602687,post-fad0e46,current,consistent,0,0,0,0,0,0,1,current,1,,,S1A_IW_SLC__1SDV_20180608T054130_20180608T054157_022261_0268B0_AEAC.SAFE,210,52.046054,53.693998,8.547405,10.437761,1,10549,4560,3881.9,3.882,-6.118,1681,26896,0,0.000000,11762,5354,11581.1,1681,1.000000,10856,4732,0.0,906,622,,,,
2018-06/2018-06-15_5d8319bb,2018-06,2018-06-15_5d8319bb,5d8319bb-77eb-4eac-ad20-185456a1f6a1,iw2,vh,2018-06-15T05:33:40.716509Z,40.43474648121644,2026-09-28T13:41:37+00:00,1790602897,post-fad0e46,current,consistent,0,0,0,0,0,0,1,current,1,,,S1A_IW_SLC__1SDV_20180615T053333_20180615T053400_022363_026BD7_1FFE.SAFE,210,51.19059,52.828245,9.068224,10.913239,1,3038,19965,9267.1,9.267,-0.733,1681,26896,0,0.000000,3856,18634,3537.4,1681,1.000000,3787,19590,0.0,69,-956,,,,
2018-06/2018-06-24_7dacc0c7,2018-06,2018-06-24_7dacc0c7,7dacc0c7-63ba-4ab0-8a0a-a666cf3a04b8,iw2,vh,2018-06-24T17:08:02.239985Z,38.75851466822507,2026-09-28T13:44:59+00:00,1790603099,post-fad0e46,current,consistent,0,0,0,0,0,0,1,current,1,,,S1B_IW_SLC__1SDV_20180624T170748_20180624T170815_011518_0152A7_49EC.SAFE,210,51.561205,53.216103,8.835365,10.675896,1,7565,11727,8714.1,8.714,-1.286,1681,26896,0,0.000000,6923,11161,1950.4,1681,1.000000,6858,11639,0.0,65,-478,,,,
2018-07/2018-07-02_71bf378e,2018-07,2018-07-02_71bf378e,71bf378e-0e71-4e8f-833b-86a08b2392f7,iw1,vh,2018-07-02T05:41:49.613063Z,31.5719289634826,2026-09-28T13:48:15+00:00,1790603295,post-fad0e46,current,consistent,0,0,0,0,0,0,1,current,1,,,S1A_IW_SLC__1SDV_20180702T054131_20180702T054159_022611_027322_D962.SAFE,210,52.045654,53.69358,8.546563,10.436826,1,10549,4560,3817.7,3.818,-6.182,1681,26896,0,0.000000,11765,5368,11706.1,1681,1.000000,10851,4721,0.0,914,647,,,,
2018-07/2018-07-08_707f3421,2018-07,2018-07-08_707f3421,707f3421-9d9d-4bd5-8380-4591ebf6bfdf,iw1,vh,2018-07-08T05:41:11.020836Z,31.46457829619503,2026-09-28T13:51:26+00:00,1790603486,post-fad0e46,current,consistent,0,0,0,0,0,0,1,current,1,,,S1B_IW_SLC__1SDV_20180708T054107_20180708T054134_011715_0158CB_C9FB.SAFE,210,51.054873,52.705767,8.250141,10.124914,1,1508,4652,4491.8,4.492,-5.508,1681,26896,0,0.000000,2740,5129,11399.5,1681,1.000000,1821,5161,0.0,919,-32,,,,
2018-07/2018-07-15_42949539,2018-07,2018-07-15_42949539,42949539-c514-4145-b480-54b5b8824b2a,iw2,vv,2018-07-15T05:33:00.453123Z,40.43830788608504,2026-09-28T13:54:19+00:00,1790603659,post-fad0e46,current,consistent,0,0,0,0,0,0,1,current,1,,,S1B_IW_SLC__1SDV_20180715T053236_20180715T053303_011817_015BEE_2CD4.SAFE,210,52.182418,53.817872,9.341285,11.210321,1,12144,19710,9353.8,9.354,-0.646,1681,26896,0,0.000000,12954,18396,3417.1,1681,1.000000,12899,19329,0.0,55,-933,,,,
2018-07/2018-07-24_33bfaa5c,2018-07,2018-07-24_33bfaa5c,33bfaa5c-410a-4e0e-8feb-ec8464d90273,iw2,vv,2018-07-24T17:08:45.893846Z,38.65348730723534,2026-09-28T13:57:48+00:00,1790603868,post-fad0e46,current,consistent,0,0,0,0,0,0,1,current,1,,,S1A_IW_SLC__1SDV_20180724T170832_20180724T170859_022939_027D31_5960.SAFE,210,51.559047,53.193775,8.821331,10.649608,1,7550,11682,8928.1,8.928,-1.072,1681,26896,0,0.000000,6858,11682,1464.0,1681,1.000000,6837,12071,0.0,21,-389,,,,
2018-08/2018-08-01_22fd522c,2018-08,2018-08-01_22fd522c,22fd522c-b0f8-4bf2-b1a7-c845b53ddeb7,iw1,vv,2018-08-01T05:41:12.471443Z,31.46356974586464,2026-09-28T14:01:45+00:00,1790604105,post-fad0e46,current,consistent,0,0,0,0,0,0,1,current,1,strip 4400/4400,,S1B_IW_SLC__1SDV_20180801T054108_20180801T054135_012065_016371_0AD1.SAFE,210,51.054886,52.70591,8.251125,10.125987,1,1508,4652,4539.1,4.539,-5.461,1681,26896,0,0.000000,2739,5113,11371.5,1681,1.000000,1822,5177,0.0,917,-64,current,4400,4400,1.000000
2018-08/2018-08-07_86f0e968,2018-08,2018-08-07_86f0e968,86f0e968-f741-45f3-b4cc-b3a928fd7b64,iw1,vv,2018-08-07T05:41:51.795787Z,31.5713922612764,2026-09-28T14:04:27+00:00,1790604267,post-fad0e46,current,consistent,0,0,0,0,0,0,1,current,1,,,S1A_IW_SLC__1SDV_20180807T054134_20180807T054201_023136_028358_076C.SAFE,210,52.045632,53.693441,8.546411,10.436663,1,10549,4560,3798.3,3.798,-6.202,1681,26896,0,0.000000,11766,5371,11731.2,1681,1.000000,10850,4719,0.0,916,652,,,,
2018-08/2018-08-14_c4454d2f,2018-08,2018-08-14_c4454d2f,c4454d2f-85a9-4ef8-8923-d1f6b7cce1df,iw2,vv,2018-08-14T05:33:44.156160Z,40.43430879294502,2026-09-28T14:07:56+00:00,1790604476,post-fad0e46,current,consistent,0,0,0,0,0,0,1,current,1,,,S1A_IW_SLC__1SDV_20180814T053336_20180814T053403_023238_02869A_5BF9.SAFE,210,51.189968,52.827756,9.068883,10.913946,1,3038,19965,9213.7,9.214,-0.786,1681,26896,0,0.000000,3861,18634,3617.6,1681,1.000000,3783,19606,0.0,78,-972,,,,
2018-08/2018-08-23_3bc3cc97,2018-08,2018-08-23_3bc3cc97,3bc3cc97-639a-4942-a073-62e470c28777,iw2,vh,2018-08-23T17:08:05.816507Z,38.75699299953208,2026-09-28T14:11:14+00:00,1790604674,post-fad0e46,current,consistent,0,0,0,0,0,0,1,current,1,,,S1B_IW_SLC__1SDV_20180823T170751_20180823T170818_012393_016D8E_54BF.SAFE,210,51.561178,53.216085,8.834192,10.674793,1,7565,11727,8736.6,8.737,-1.263,1681,26896,0,0.000000,6923,11182,1954.3,1681,1.000000,6857,11659,0.0,66,-477,,,,
2018-08/2018-08-31_3d87057f,2018-08,2018-08-31_3d87057f,3d87057f-c31b-4a82-b7db-bd4324b38a35,iw1,vh,2018-08-31T05:41:53.293025Z,31.57252311529352,2026-09-28T14:14:28+00:00,1790604868,post-fad0e46,current,consistent,0,0,0,0,0,0,1,current,1,,,S1A_IW_SLC__1SDV_20180831T054135_20180831T054202_023486_028E93_75EC.SAFE,210,52.045222,53.693272,8.545543,10.43582,1,10549,4560,3746.7,3.747,-6.253,1681,26896,0,0.000000,11769,5385,11845.9,1681,1.000000,10846,4707,0.0,923,678,,,,
2018-09/2018-09-01_19b6370a,2018-09,2018-09-01_19b6370a,19b6370a-eefa-4f2c-a17c-0272e4d019e6,iw2,vv,2018-09-01T05:33:03.170805Z,40.43761648507731,2026-09-28T14:15:43+00:00,1790604943,post-fad0e46,current,consistent,0,0,0,0,0,0,1,current,1,,,S1B_IW_SLC__1SDV_20180901T053239_20180901T053306_012517_017168_C93B.SAFE,210,52.18169,53.817033,9.341493,11.210519,1,12144,19710,9274.6,9.275,-0.725,1681,26896,0,0.000000,12960,18396,3477.9,1681,1.000000,12893,19337,0.0,67,-941,,,,
2018-09/2018-09-10_0c61f27d,2018-09,2018-09-10_0c61f27d,0c61f27d-8fc7-4f0c-b5ec-b8b83f06369b,iw2,vh,2018-09-10T17:08:48.481584Z,38.65292958886096,2026-09-28T14:19:06+00:00,1790605146,post-fad0e46,current,consistent,0,0,0,0,0,0,1,current,1,,,S1A_IW_SLC__1SDV_20180910T170835_20180910T170902_023639_02937C_2755.SAFE,210,51.559867,53.194464,8.821717,10.649982,1,7550,11682,8978.4,8.978,-1.022,1681,26896,0,0.000000,6852,11682,1423.3,1681,1.000000,6832,12060,0.0,20,-378,,,,
2018-09/2018-09-18_255dd259,2018-09,2018-09-18_255dd259,255dd259-88ed-45ae-80ba-3d0caf08b850,iw1,vv,2018-09-18T05:41:14.741081Z,31.46315275227945,2026-09-28T14:22:35+00:00,1790605355,post-fad0e46,current,consistent,0,0,0,0,0,0,1,current,1,,,S1B_IW_SLC__1SDV_20180918T054110_20180918T054137_012765_017906_1138.SAFE,210,51.053946,52.704972,8.250337,10.125184,1,1508,4652,4425.1,4.425,-5.575,1681,26896,0,0.000000,2748,5125,11589.9,1681,1.000000,1813,5169,0.0,935,-44,,,,
2018-09/2018-09-24_aa1c2051,2018-09,2018-09-24_aa1c2051,aa1c2051-35a4-402d-82e3-f90ba8b48f00,iw1,vv,2018-09-24T05:41:53.995250Z,31.57017831063277,2026-09-28T14:25:13+00:00,1790605513,post-fad0e46,current,consistent,0,0,0,0,0,0,1,current,1,,,S1A_IW_SLC__1SDV_20180924T054136_20180924T054203_023836_0299DF_B971.SAFE,210,52.045544,53.693344,8.545854,10.436112,1,10549,4560,3775.6,3.776,-6.224,1681,26896,0,0.000000,11767,5379,11774.9,1681,1.000000,10848,4711,0.0,919,668,,,,
2018-10/2018-10-01_9cbb4a05,2018-10,2018-10-01_9cbb4a05,9cbb4a05-a9b9-420f-a20c-bda366b24be8,iw2,vh,2018-10-01T05:33:45.961000Z,40.43145287490333,2026-09-28T14:28:40+00:00,1790605720,post-fad0e46,current,consistent,0,0,0,0,0,0,1,current,1,,,S1A_IW_SLC__1SDV_20181001T053338_20181001T053405_023938_029D22_0859.SAFE,210,51.189729,52.827538,9.070403,10.915624,1,3038,19965,9192.8,9.193,-0.807,1681,26896,0,0.000000,3863,18634,3733.1,1681,1.000000,3782,19637,0.0,81,-1003,,,,
2018-10/2018-10-10_84e0d086,2018-10,2018-10-10_84e0d086,84e0d086-eb3d-4c4c-845c-4ec259e18d16,iw2,vv,2018-10-10T17:08:07.418909Z,38.75430107886259,2026-09-28T14:32:05+00:00,1790605925,post-fad0e46,current,consistent,0,0,0,0,0,0,1,current,1,strip 4400/4400,,S1B_IW_SLC__1SDV_20181010T170753_20181010T170820_013093_01830D_AF45.SAFE,210,51.561783,53.216682,8.833785,10.674493,1,7565,11727,8792.4,8.792,-1.208,1681,26896,0,0.000000,6918,11189,1943.8,1681,1.000000,6851,11662,0.0,67,-473,current,4400,4400,1.000000
2018-10/2018-10-18_13fd9ba3,2018-10,2018-10-18_13fd9ba3,13fd9ba3-4d19-4059-af7d-204c67a61b34,iw1,vh,2018-10-18T05:41:54.509807Z,31.56473441521224,2026-09-28T14:35:24+00:00,1790606124,post-fad0e46,current,consistent,0,0,0,0,0,0,1,current,1,,,S1A_IW_SLC__1SDV_20181018T054136_20181018T054203_024186_02A54C_EE70.SAFE,210,52.04561,53.693696,8.547696,10.438372,1,10549,4560,3835.6,3.836,-6.164,1681,26896,0,0.000000,11767,5348,11667.4,1681,1.000000,10851,4741,0.0,916,607,,,,
2018-10/2018-10-24_a455210c,2018-10,2018-10-24_a455210c,a455210c-c37d-4327-b5d5-be87438a204e,iw1,vh,2018-10-24T05:41:15.462456Z,31.45628242421886,2026-09-28T14:38:38+00:00,1790606318,post-fad0e46,current,consistent,0,0,0,0,0,0,1,current,1,,,S1B_IW_SLC__1SDV_20181024T054111_20181024T054138_013290_01891D_6DC8.SAFE,210,51.054285,52.705308,8.249734,10.124812,1,1508,4652,4432.2,4.432,-5.568,1681,26896,0,0.000000,2745,5132,11521.5,1681,1.000000,1815,5161,0.0,930,-29,,,,
2018-10/2018-10-31_9ce32735,2018-10,2018-10-31_9ce32735,9ce32735-cbe9-47a7-9e77-6a7f700a4fe7,iw2,vh,2018-10-31T05:33:04.520002Z,40.43087809302151,2026-09-28T14:41:35+00:00,1790606495,post-fad0e46,current,consistent,0,0,0,0,0,0,1,current,1,,,S1B_IW_SLC__1SDV_20181031T053240_20181031T053307_013392_018C5E_1D83.SAFE,210,52.181349,53.817205,9.342177,11.211664,1,12144,19710,9256.1,9.256,-0.744,1681,26896,0,0.000000,12963,18396,3542.2,1681,1.000000,12891,19352,0.0,72,-956,,,,
2018-11/2018-11-03_8a41101d,2018-11,2018-11-03_8a41101d,8a41101d-8324-425a-8f8d-b2fed4704d7e,iw2,vv,2018-11-03T17:08:07.316202Z,38.75090598972626,2026-09-28T14:42:38+00:00,1790606558,post-fad0e46,current,consistent,0,0,0,0,0,0,1,current,1,,,S1B_IW_SLC__1SDV_20181103T170753_20181103T170820_013443_018DF5_8EAB.SAFE,210,51.561456,53.216493,8.832861,10.673761,1,7565,11727,8765.4,8.765,-1.235,1681,26896,0,0.000000,6921,11204,1952.7,1681,1.000000,6854,11678,0.0,67,-474,,,,
2018-11/2018-11-11_23a79af3,2018-11,2018-11-11_23a79af3,23a79af3-0380-4f48-8988-1d13ba185d9f,iw1,vh,2018-11-11T05:41:54.170192Z,31.56187559523681,2026-09-28T14:45:51+00:00,1790606751,post-fad0e46,current,consistent,0,0,0,0,0,0,1,current,1,,,S1A_IW_SLC__1SDV_20181111T054136_20181111T054203_024536_02B13D_9CC2.SAFE,210,52.0461,53.694048,8.546869,10.437576,1,10549,4560,3879.5,3.880,-6.120,1681,26896,0,0.000000,11761,5359,11583.9,1681,1.000000,10856,4727,0.0,905,632,,,,
2018-11/2018-11-17_962d5686,2018-11,2018-11-17_962d5686,962d5686-8991-405d-95f6-27ba4bdbeb45,iw1,vv,2018-11-17T05:41:15.079735Z,31.45408950450173,2026-09-28T14:48:45+00:00,1790606925,post-fad0e46,current,consistent,0,0,0,0,0,0,1,current,1,,,S1B_IW_SLC__1SDV_20181117T054111_20181117T054138_013640_019419_E784.SAFE,210,51.054512,52.705443,8.251716,10.126948,1,1508,4652,4537.2,4.537,-5.463,1681,26896,0,0.000000,2744,5099,11491.3,1681,1.000000,1818,5192,0.0,926,-93,,,,
2018-11/2018-11-24_8e37d791,2018-11,2018-11-24_8e37d791,8e37d791-a2d6-48e0-8605-99aa82cbae9e,iw2,vh,2018-11-24T05:33:03.968783Z,40.32629049109571,2026-09-28T14:51:50+00:00,1790607110,post-fad0e46,current,consistent,0,0,0,0,0,0,1,current,1,,,S1B_IW_SLC__1SDV_20181124T053300_20181124T053327_013742_01975C_4734.SAFE,210,51.027003,52.659272,9.061217,10.846703,1,1514,19200,9153.2,9.153,-0.847,1681,26896,0,0.000000,2291,19919,2181.3,1681,1.000000,2257,19321,0.0,34,598,,,,
2018-12/2018-12-03_7b9dd9c0,2018-12,2018-12-03_7b9dd9c0,7b9dd9c0-9c7d-4c86-a2a9-4d929b28e72e,iw2,vv,2018-12-03T17:08:48.387697Z,38.64438374805587,2026-09-28T14:55:31+00:00,1790607331,post-fad0e46,current,consistent,0,0,0,0,0,0,1,current,1,,,S1A_IW_SLC__1SDV_20181203T170835_20181203T170902_024864_02BCF3_DFE4.SAFE,210,51.559247,53.193857,8.819856,10.648437,1,7550,11682,8966.1,8.966,-1.034,1681,26896,0,0.000000,6857,11682,1550.7,1681,1.000000,6835,12094,0.0,22,-412,,,,
2018-12/2018-12-11_2eb941a3,2018-12,2018-12-11_2eb941a3,2eb941a3-edf1-4811-a04d-56ae5e74a6c5,iw1,vv,2018-12-11T05:41:11.377091Z,31.45296873822758,2026-09-28T14:58:37+00:00,1790607517,post-fad0e46,current,consistent,0,0,0,0,0,0,1,current,1,,,S1B_IW_SLC__1SDV_20181211T054110_20181211T054137_013990_019F5B_DB0A.SAFE,210,51.054674,52.705595,8.251523,10.126765,1,1508,4652,4529.4,4.529,-5.471,1681,26896,0,0.000000,2744,5103,11471.1,1681,1.000000,1819,5188,0.0,925,-85,,,,
2018-12/2018-12-17_9ee39b34,2018-12,2018-12-17_9ee39b34,9ee39b34-5c18-4d8f-b106-75312b0fa2e0,iw1,vv,2018-12-17T05:41:55.695559Z,31.55993470871045,2026-09-28T15:01:43+00:00,1790607703,post-fad0e46,current,consistent,0,0,0,0,0,0,1,current,1,strip 4400/4400,,S1A_IW_SLC__1SDV_20181217T054135_20181217T054202_025061_02C3E6_CEE1.SAFE,210,52.046145,53.694117,8.549537,10.440397,1,10549,4560,3945.4,3.945,-6.055,1681,26896,0,0.000000,11762,5317,11467.6,1681,1.000000,10858,4768,0.0,904,549,current,4400,4400,1.000000
2018-12/2018-12-27_2106c0dd,2018-12,2018-12-27_2106c0dd,2106c0dd-d627-45a7-9d64-072629d4c79b,iw2,vv,2018-12-27T17:08:47.492494Z,38.64354519729552,2026-09-28T15:06:36+00:00,1790607996,post-fad0e46,current,consistent,0,0,0,0,0,0,1,current,1,,,S1A_IW_SLC__1SDV_20181227T170834_20181227T170901_025214_02C978_D3B9.SAFE,210,51.558999,53.193748,8.818002,10.646696,1,7550,11682,8969.3,8.969,-1.031,1681,26896,0,0.000000,6860,11682,1676.3,1681,1.000000,6837,12127,0.0,23,-445,,,,
2019-01/2019-01-02_31671ef5,2019-01,2019-01-02_31671ef5,31671ef5-b5d9-4d95-83cc-e7714b6e0207,iw2,vv,2019-01-02T17:08:05.395746Z,38.74824900877766,2026-09-28T15:09:15+00:00,1790608155,post-fad0e46,current,consistent,0,0,0,0,0,0,1,current,1,,,S1B_IW_SLC__1SDV_20190102T170751_20190102T170818_014318_01AA3A_FF22.SAFE,210,51.561073,53.216105,8.833537,10.674495,1,7565,11727,8715.6,8.716,-1.284,1681,26896,0,0.000000,6924,11191,1957.9,1681,1.000000,6858,11668,0.0,66,-477,,,,
2019-01/2019-01-10_7c6858f0,2019-01,2019-01-10_7c6858f0,7c6858f0-5f1d-48e2-9acf-cc073796d203,iw1,vh,2019-01-10T05:41:54.757418Z,31.56144286991131,2026-09-28T15:12:41+00:00,1790608361,post-fad0e46,current,consistent,0,0,0,0,0,0,1,current,1,,,S1A_IW_SLC__1SDV_20190110T054134_20190110T054201_025411_02D088_8D17.SAFE,210,52.045925,53.69376,8.547935,10.438643,1,10549,4560,3876.6,3.877,-6.123,1681,26896,0,0.000000,11764,5343,11586.3,1681,1.000000,10854,4744,0.0,910,599,,,,
2019-01/2019-01-16_87cdffb0,2019-01,2019-01-16_87cdffb0,87cdffb0-ee42-4d84-bf85-9b17fbf61440,iw1,vh,2019-01-16T05:41:13.001488Z,31.45324964616667,2026-09-28T15:16:38+00:00,1790608598,post-fad0e46,current,consistent,0,0,0,0,0,0,1,current,1,,,S1B_IW_SLC__1SDV_20190116T054109_20190116T054136_014515_01B092_8F47.SAFE,210,51.054677,52.705607,8.252411,10.127681,1,1508,4652,4584.1,4.584,-5.416,1681,26896,0,0.000000,2743,5088,11435.2,1681,1.000000,1821,5202,0.0,922,-114,,,,
2019-01/2019-01-23_06c8db7b,2019-01,2019-01-23_06c8db7b,06c8db7b-5ddd-4f02-bf38-1bea8c13d5ad,iw2,vh,2019-01-23T05:33:01.828112Z,40.32677625771744,2026-09-28T15:19:30+00:00,1790608770,post-fad0e46,current,consistent,0,0,0,0,0,0,1,current,1,,,S1B_IW_SLC__1SDV_20190123T053258_20190123T053325_014617_01B3D4_239F.SAFE,210,51.027479,52.659636,9.062162,10.847658,1,1514,19200,9206.6,9.207,-0.793,1681,26896,0,0.000000,2287,19901,2044.4,1681,1.000000,2261,19337,0.0,26,564,,,,
2019-02/2019-02-01_463ca51a,2019-02,2019-02-01_463ca51a,463ca51a-a811-4bb3-8ce4-327c03fbdee9,iw2,vv,2019-02-01T17:08:46.261766Z,38.64549312181493,2026-09-28T15:23:02+00:00,1790608982,post-fad0e46,current,consistent,0,0,0,0,0,0,1,current,1,,,S1A_IW_SLC__1SDV_20190201T170833_20190201T170900_025739_02DC84_039E.SAFE,210,51.559393,53.193995,8.820169,10.648697,1,7550,11682,8960.7,8.961,-1.039,1681,26896,0,0.000000,6856,11682,1528.5,1681,1.000000,6835,12088,0.0,21,-406,,,,
2019-02/2019-02-09_16ad48bb,2019-02,2019-02-09_16ad48bb,16ad48bb-b893-472b-86d7-63c4fc9da951,iw1,vv,2019-02-09T05:41:12.224464Z,31.45573747623215,2026-09-28T15:26:27+00:00,1790609187,post-fad0e46,current,consistent,0,0,0,0,0,0,1,current,1,,,S1B_IW_SLC__1SDV_20190209T054108_20190209T054135_014865_01BBE9_275F.SAFE,210,51.054557,52.705471,8.250687,10.125813,1,1508,4652,4489.4,4.489,-5.511,1681,26896,0,0.000000,2744,5117,11477.7,1681,1.000000,1818,5175,0.0,926,-58,,,,
2019-02/2019-02-19_925ed1a6,2019-02,2019-02-19_925ed1a6,925ed1a6-2163-4a0a-bf42-81b21e9a5d65,iw2,vv,2019-02-19T17:08:04.139887Z,38.7508281529151,2026-09-28T15:29:34+00:00,1790609374,post-fad0e46,current,consistent,0,0,0,0,0,0,1,current,1,,,S1B_IW_SLC__1SDV_20190219T170750_20190219T170817_015018_01C0F8_AA27.SAFE,210,51.561341,53.216486,8.833363,10.674236,1,7565,11727,8760.7,8.761,-1.239,1681,26896,0,0.000000,6921,11195,1950.9,1681,1.000000,6854,11670,0.0,67,-475,,,,
2019-02/2019-02-27_02170581,2019-02,2019-02-27_02170581,02170581-fe4c-458a-9054-adf71480a4dd,iw1,vh,2019-02-27T05:41:51.085460Z,31.5653490742755,2026-09-28T15:32:40+00:00,1790609560,post-fad0e46,current,consistent,0,0,0,0,0,0,1,current,1,,,S1A_IW_SLC__1SDV_20190227T054133_20190227T054200_026111_02E9B9_0384.SAFE,210,52.046157,53.694115,8.547578,10.43822,1,10549,4560,3888.3,3.888,-6.112,1681,26896,0,0.000000,11762,5350,11557.2,1681,1.000000,10856,4736,0.0,906,614,,,,
2019-03/2019-03-03_20d12b30,2019-03,2019-03-03_20d12b30,20d12b30-3f0f-4ebb-ac27-f732a615d044,iw2,vv,2019-03-03T17:08:04.067576Z,38.75212984726263,2026-09-28T15:33:50+00:00,1790609630,post-fad0e46,current,consistent,0,0,0,0,0,0,1,current,1,strip 4400/4400,,S1B_IW_SLC__1SDV_20190303T170750_20190303T170817_015193_01C6B2_C423.SAFE,210,51.561369,53.216272,8.833539,10.674301,1,7565,11727,8735.3,8.735,-1.265,1681,26896,0,0.000000,6923,11192,1954.6,1681,1.000000,6856,11668,0.0,67,-476,current,4400,4400,1.000000
2019-03/2019-03-11_03a6b2cc,2019-03,2019-03-11_03a6b2cc,03a6b2cc-7ee7-46ac-a977-d95ec193f7f8,iw1,vv,2019-03-11T05:41:53.769122Z,31.56877497908658,2026-09-28T15:37:20+00:00,1790609840,post-fad0e46,current,consistent,0,0,0,0,0,0,1,current,1,,,S1A_IW_SLC__1SDV_20190311T054133_20190311T054200_026286_02F014_341F.SAFE,210,52.045829,53.694018,8.546603,10.437163,1,10549,4560,3839.7,3.840,-6.160,1681,26896,0,0.000000,11764,5366,11662.2,1681,1.000000,10853,4722,0.0,911,644,,,,
2019-03/2019-03-17_886c59a3,2019-03,2019-03-17_886c59a3,886c59a3-89dc-4a90-a1f5-cd2913164a3e,iw1,vv,2019-03-17T05:41:11.969627Z,31.46265281823483,2026-09-28T15:39:49+00:00,1790609989,post-fad0e46,current,consistent,0,0,0,0,0,0,1,current,1,,,S1B_IW_SLC__1SDV_20190317T054108_20190317T054135_015390_01CD14_B717.SAFE,210,51.054823,52.705719,8.250709,10.125573,1,1508,4652,4504.2,4.504,-5.496,1681,26896,0,0.000000,2741,5120,11418.2,1681,1.000000,1820,5171,0.0,921,-51,,,,
2019-03/2019-03-24_4d8ebd69,2019-03,2019-03-24_4d8ebd69,4d8ebd69-bacc-4d37-86fe-454709404ae6,iw2,vh,2019-03-24T05:33:01.195010Z,40.33254152981351,2026-09-28T15:42:52+00:00,1790610172,post-fad0e46,current,consistent,0,0,0,0,0,0,1,current,1,,,S1B_IW_SLC__1SDV_20190324T053257_20190324T053324_015492_01D066_1C13.SAFE,210,51.02749,52.659646,9.0618,10.847091,1,1514,19200,9215.6,9.216,-0.784,1681,26896,0,0.000000,2286,19908,2092.3,1681,1.000000,2263,19329,0.0,23,579,,,,
2019-04/2019-04-02_3d312e1b,2019-04,2019-04-02_3d312e1b,3d312e1b-7870-4339-9827-88df4edeee49,iw2,vv,2019-04-02T17:08:46.275392Z,38.64993450273131,2026-09-28T15:46:19+00:00,1790610379,post-fad0e46,current,consistent,0,0,0,0,0,0,1,current,1,,,S1A_IW_SLC__1SDV_20190402T170833_20190402T170900_026614_02FC31_7246.SAFE,210,51.55912,53.193844,8.820326,10.648698,1,7550,11682,8929.9,8.930,-1.070,1681,26896,0,0.000000,6859,11682,1527.6,1681,1.000000,6838,12088,0.0,21,-406,,,,
2019-04/2019-04-10_044e2767,2019-04,2019-04-10_044e2767,044e2767-043b-43a8-be3d-51bdde42e56e,iw1,vv,2019-04-10T05:41:12.616035Z,31.46727853795504,2026-09-28T15:49:45+00:00,1790610585,post-fad0e46,current,consistent,0,0,0,0,0,0,1,current,1,,,S1B_IW_SLC__1SDV_20190410T054108_20190410T054135_015740_01D89E_EDBB.SAFE,210,51.054784,52.705545,8.249615,10.124252,1,1508,4652,4445.6,4.446,-5.554,1681,26896,0,0.000000,2741,5139,11440.4,1681,1.000000,1818,5153,0.0,923,-14,,,,
2019-04/2019-04-16_cd69c763,2019-04,2019-04-16_cd69c763,cd69c763-19a4-4bca-8ada-b8e76779c7a3,iw1,vv,2019-04-16T05:41:54.495669Z,31.57188656645246,2026-09-28T15:52:11+00:00,1790610731,post-fad0e46,current,consistent,0,0,0,0,0,0,1,current,1,,,S1A_IW_SLC__1SDV_20190416T054134_20190416T054201_026811_03035E_285A.SAFE,210,52.0459,53.693943,8.545094,10.435389,1,10549,4560,3806.8,3.807,-6.193,1681,26896,0,0.000000,11763,5391,11724.3,1681,1.000000,10852,4697,0.0,911,694,,,,
2019-04/2019-04-23_08988864,2019-04,2019-04-23_08988864,08988864-08ac-49f9-8874-53029a3b3222,iw2,vh,2019-04-23T05:33:44.116716Z,40.43284198790133,2026-09-28T15:55:15+00:00,1790610915,post-fad0e46,current,consistent,0,0,0,0,0,0,1,current,1,,,S1A_IW_SLC__1SDV_20190423T053336_20190423T053403_026913_030702_0125.SAFE,210,51.190627,52.828428,9.068871,10.914051,1,3038,19965,9301.9,9.302,-0.698,1681,26896,0,0.000000,3854,18634,3568.5,1681,1.000000,3789,19603,0.0,65,-969,,,,
2019-05/2019-05-02_14276318,2019-05,2019-05-02_14276318,14276318-f086-45df-b69c-91368b5a4546,iw2,vh,2019-05-02T17:08:05.716654Z,38.75632026415993,2026-09-28T15:58:40+00:00,1790611120,post-fad0e46,current,consistent,0,0,0,0,0,0,1,current,1,,,S1B_IW_SLC__1SDV_20190502T170751_20190502T170818_016068_01E387_813B.SAFE,210,51.560715,53.215611,8.834202,10.674773,1,7565,11727,8671.1,8.671,-1.329,1681,26896,0,0.000000,6928,11183,1963.1,1681,1.000000,6861,11662,0.0,67,-479,,,,
2019-05/2019-05-10_45dc3b3c,2019-05,2019-05-10_45dc3b3c,45dc3b3c-abaf-4f26-a0fc-0a219e8a8d61,iw1,vv,2019-05-10T05:41:52.648433Z,31.56851631070222,2026-09-28T16:01:46+00:00,1790611306,post-fad0e46,current,consistent,0,0,0,0,0,0,1,current,1,,,S1A_IW_SLC__1SDV_20190510T054134_20190510T054202_027161_030FD1_EE8E.SAFE,210,52.046418,53.69425,8.54853,10.438992,1,10549,4560,3938.3,3.938,-6.062,1681,26896,0,0.000000,11759,5336,11463.4,1681,1.000000,10859,4748,0.0,900,588,,,,
2019-05/2019-05-16_78213301,2019-05,2019-05-16_78213301,78213301-067e-4874-95ef-f9d72b307c96,iw1,vv,2019-05-16T05:41:11.399049Z,31.46315714256707,2026-09-28T16:04:29+00:00,1790611469,post-fad0e46,current,consistent,0,0,0,0,0,0,1,current,1,strip 4400/4400,,S1B_IW_SLC__1SDV_20190516T054110_20190516T054137_016265_01E9C7_E9DD.SAFE,210,51.055019,52.706026,8.249466,10.124302,1,1508,4652,4474.0,4.474,-5.526,1681,26896,0,0.000000,2738,5139,11361.6,1681,1.000000,1821,5151,0.0,917,-12,current,4400,4400,1.000000
2019-05/2019-05-23_6e0a9676,2019-05,2019-05-23_6e0a9676,6e0a9676-98b2-4a50-9923-100730b0fb57,iw2,vh,2019-05-23T05:33:03.750918Z,40.33021659667613,2026-09-28T16:07:46+00:00,1790611666,post-fad0e46,current,consistent,0,0,0,0,0,0,1,current,1,,,S1B_IW_SLC__1SDV_20190523T053259_20190523T053326_016367_01ECEF_E7A6.SAFE,210,51.027083,52.659848,9.060914,10.850547,1,1514,19260,9227.5,9.227,-0.772,1681,26896,0,0.000000,2285,19973,2114.6,1681,1.000000,2263,19387,0.0,22,586,,,,
2019-06/2019-06-01_2969243c,2019-06,2019-06-01_2969243c,2969243c-1e86-47e9-a0a1-f08cc48af3b4,iw2,vh,2019-06-01T17:08:48.729478Z,38.65311098504222,2026-09-28T16:11:12+00:00,1790611872,post-fad0e46,current,consistent,0,0,0,0,0,0,1,current,1,,,S1A_IW_SLC__1SDV_20190601T170835_20190601T170902_027489_031A0D_B70F.SAFE,210,51.559242,53.193717,8.821251,10.649452,1,7550,11682,8938.1,8.938,-1.062,1681,26896,0,0.000000,6857,11682,1470.9,1681,1.000000,6836,12073,0.0,21,-391,,,,
2019-06/2019-06-09_13c4db9e,2019-06,2019-06-09_13c4db9e,13c4db9e-9660-4d49-8123-241da9956de4,iw1,vh,2019-06-09T05:41:12.665376Z,31.46462409859813,2026-09-28T16:14:23+00:00,1790612063,post-fad0e46,current,consistent,0,0,0,0,0,0,1,current,1,,,S1B_IW_SLC__1SDV_20190609T054111_20190609T054138_016615_01F45C_C7BD.SAFE,210,51.054961,52.705861,8.251028,10.125825,1,1508,4652,4528.2,4.528,-5.472,1681,26896,0,0.000000,2740,5115,11383.5,1681,1.000000,1822,5175,0.0,918,-60,,,,
2019-06/2019-06-15_afb2847b,2019-06,2019-06-15_afb2847b,afb2847b-ed18-4299-89ff-44abc59d9c0d,iw1,vv,2019-06-15T05:41:54.504222Z,31.57263394723289,2026-09-28T16:16:51+00:00,1790612211,post-fad0e46,current,consistent,0,0,0,0,0,0,1,current,1,,,S1A_IW_SLC__1SDV_20190615T054136_20190615T054203_027686_032005_A69A.SAFE,210,52.046131,53.693929,8.546319,10.436522,1,10549,4560,3846.8,3.847,-6.153,1681,26896,0,0.000000,11762,5373,11645.6,1681,1.000000,10854,4714,0.0,908,659,,,,
2019-06/2019-06-22_14e36099,2019-06,2019-06-22_14e36099,14e36099-05f0-4008-90f6-d86cbda58521,iw2,vv,2019-06-22T05:33:46.952226Z,40.43337359188534,2026-09-28T16:20:18+00:00,1790612418,post-fad0e46,current,consistent,0,0,0,0,0,0,1,current,1,,,S1A_IW_SLC__1SDV_20190622T053339_20190622T053406_027788_032303_DB96.SAFE,210,51.190495,52.828292,9.069899,10.915039,1,3038,19965,9275.5,9.275,-0.725,1681,26896,0,0.000000,3857,18634,3647.2,1681,1.000000,3788,19622,0.0,69,-988,,,,
2019-07/2019-07-01_5646640e,2019-07,2019-07-01_5646640e,5646640e-b3f6-4282-af9b-b678d2b79504,iw2,vv,2019-07-01T17:08:08.876413Z,38.75789722135208,2026-09-28T16:23:39+00:00,1790612619,post-fad0e46,current,consistent,0,0,0,0,0,0,1,current,1,,,S1B_IW_SLC__1SDV_20190701T170755_20190701T170821_016943_01FE1A_AA9B.SAFE,210,51.560955,53.215844,8.835264,10.675774,1,7565,11727,8701.1,8.701,-1.299,1681,26896,0,0.000000,6925,11163,1955.5,1681,1.000000,6860,11642,0.0,65,-479,,,,
2019-07/2019-07-09_42e4fd88,2019-07,2019-07-09_42e4fd88,42e4fd88-1bee-4f9a-8636-5d13a4bd8343,iw1,vv,2019-07-09T05:41:58.826464Z,31.57394661931864,2026-09-28T16:27:08+00:00,1790612828,post-fad0e46,current,consistent,0,0,0,0,0,0,1,current,1,,,S1A_IW_SLC__1SDV_20190709T054138_20190709T054205_028036_032A93_478C.SAFE,210,51.864061,53.693921,8.489646,10.437446,1,10549,4560,3867.2,3.867,-6.133,1681,26896,0,0.000000,11762,5359,11595.3,1681,1.000000,10855,4728,0.0,907,631,,,,
2019-07/2019-07-15_4a9a4688,2019-07,2019-07-15_4a9a4688,4a9a4688-555a-44a2-a871-0451f464fa8e,iw1,vv,2019-07-15T05:41:17.580452Z,31.46356852463012,2026-09-28T16:29:34+00:00,1790612974,post-fad0e46,current,consistent,0,0,0,0,0,0,1,current,1,,,S1B_IW_SLC__1SDV_20190715T054113_20190715T054140_017140_0203E7_5DC5.SAFE,210,50.87251,52.706114,8.187992,10.124105,1,1508,4652,4473.2,4.473,-5.527,1681,26896,0,0.000000,2737,5142,11357.6,1681,1.000000,1822,5147,0.0,915,-5,,,,
2019-07/2019-07-22_d236a621,2019-07,2019-07-22_d236a621,d236a621-8958-4138-ac2e-422b95877f90,iw2,vh,2019-07-22T05:33:07.152921Z,40.43698320913989,2026-09-28T16:32:38+00:00,1790613158,post-fad0e46,current,consistent,0,0,0,0,0,0,1,current,1,,,S1B_IW_SLC__1SDV_20190722T053243_20190722T053310_017242_0206DD_B1A7.SAFE,210,51.987723,53.818083,9.28722,11.210801,1,12144,19710,9364.4,9.364,-0.636,1681,26896,0,0.000000,13337,18396,22913.4,1681,1.000000,12490,19331,0.0,847,-935,,,,
2019-07/2019-07-31_449cd8d1,2019-07,2019-07-31_449cd8d1,449cd8d1-12d8-4930-9c80-663534a50b9b,iw2,vh,2019-07-31T17:08:52.285020Z,38.65279155619719,2026-09-28T16:35:57+00:00,1790613357,post-fad0e46,current,consistent,0,0,0,0,0,0,1,current,1,strip 4400/4400,,S1A_IW_SLC__1SDV_20190731T170839_20190731T170906_028364_033488_CD9A.SAFE,210,51.55868,53.378883,8.758626,10.650346,1,7550,11682,8859.1,8.859,-1.141,1681,26896,1,0.000595,6863,11682,1421.1,1681,1.000000,6843,12059,0.0,20,-377,current,4400,4400,1.000000
2019-08/2019-08-02_09eaedaf,2019-08,2019-08-02_09eaedaf,09eaedaf-8780-4dfd-9f3b-9506e763da51,iw1,vh,2019-08-02T05:41:57.616023Z,31.57203770600517,2026-09-28T16:36:50+00:00,1790613410,post-fad0e46,current,consistent,0,0,0,0,0,0,1,current,1,,,S1A_IW_SLC__1SDV_20190802T054139_20190802T054207_028386_03352D_77D9.SAFE,210,51.864651,53.694492,8.488428,10.436243,1,10549,4560,3871.0,3.871,-6.129,1681,26896,0,0.000000,11759,5378,11595.6,1681,1.000000,10856,4707,0.0,903,671,,,,
2019-08/2019-08-08_8484116b,2019-08,2019-08-08_8484116b,8484116b-772f-42bf-a8d9-7341fe08419f,iw1,vv,2019-08-08T05:41:19.138496Z,31.4635543099101,2026-09-28T16:39:58+00:00,1790613598,post-fad0e46,current,consistent,0,0,0,0,0,0,1,current,1,,,S1B_IW_SLC__1SDV_20190808T054115_20190808T054142_017490_020E44_DBFF.SAFE,210,50.872058,52.705686,8.189481,10.125683,1,1508,4652,4518.2,4.518,-5.482,1681,26896,0,0.000000,2741,5117,11426.3,1681,1.000000,1820,5173,0.0,921,-56,,,,
2019-08/2019-08-15_8a318899,2019-08,2019-08-15_8a318899,8a318899-3b9c-4b35-839b-8ec8689efb37,iw2,vh,2019-08-15T05:33:08.686094Z,40.43699201758456,2026-09-28T16:42:50+00:00,1790613770,post-fad0e46,current,consistent,0,0,0,0,0,0,1,current,1,,,S1B_IW_SLC__1SDV_20190815T053244_20190815T053311_017592_021179_0D33.SAFE,210,51.987364,53.817701,9.285584,11.209045,1,12144,19710,9360.8,9.361,-0.639,1681,26896,0,0.000000,13337,18396,22960.3,1681,1.000000,12489,19303,0.0,848,-907,,,,
2019-08/2019-08-21_083edde7,2019-08,2019-08-21_083edde7,083edde7-e611-4c0c-86e9-ee3f6150af63,iw2,vv,2019-08-21T05:33:50.832308Z,40.43348683838641,2026-09-28T16:46:14+00:00,1790613974,post-fad0e46,current,consistent,0,0,0,0,0,0,1,current,1,,,S1A_IW_SLC__1SDV_20190821T053343_20190821T053410_028663_033E6E_0B7D.SAFE,210,50.994588,52.827968,9.012744,10.914057,1,3038,19965,9237.1,9.237,-0.763,1681,26896,0,0.000000,3860,18634,3610.1,1681,1.000000,3784,19606,0.0,76,-972,,,,
2019-08/2019-08-30_0ad6e90e,2019-08,2019-08-30_0ad6e90e,0ad6e90e-3128-4c07-bd75-7187344181db,iw2,vv,2019-08-30T17:08:12.259531Z,38.75755623464347,2026-09-28T16:49:55+00:00,1790614195,post-fad0e46,current,consistent,0,0,0,0,0,0,1,current,1,,,S1B_IW_SLC__1SDV_20190830T170758_20190830T170825_017818_02187F_745D.SAFE,210,51.56127,53.216277,8.836168,10.676778,1,7565,11727,8740.5,8.741,-1.260,1681,26896,0,0.000000,6921,11145,1946.7,1681,1.000000,6857,11622,0.0,64,-477,,,,
2019-09/2019-09-01_1fe770b7,2019-09,2019-09-01_1fe770b7,1fe770b7-1ebc-432f-97da-e5349f4b6428,iw1,vh,2019-09-01T05:41:17.573045Z,31.46311226305853,2026-09-28T16:50:53+00:00,1790614253,post-fad0e46,current,consistent,0,0,0,0,0,0,1,current,1,,,S1B_IW_SLC__1SDV_20190901T054116_20190901T054143_017840_02192B_3C5A.SAFE,210,50.871714,52.705317,8.188291,10.124405,1,1508,4652,4432.0,4.432,-5.568,1681,26896,1,0.000595,2744,5137,11503.7,1681,1.000000,1816,5156,0.0,928,-19,,,,
2019-09/2019-09-07_a77e85f2,2019-09,2019-09-07_a77e85f2,a77e85f2-70b5-437a-a503-4797cba6dcf0,iw1,vv,2019-09-07T05:42:02.436022Z,31.57148354201386,2026-09-28T16:53:57+00:00,1790614437,post-fad0e46,current,consistent,0,0,0,0,0,0,1,current,1,,,S1A_IW_SLC__1SDV_20190907T054141_20190907T054209_028911_03470B_F9D1.SAFE,210,51.863721,53.693592,8.489526,10.437435,1,10549,4560,3831.0,3.831,-6.169,1681,26896,0,0.000000,11765,5360,11669.2,1681,1.000000,10852,4729,0.0,913,631,,,,
2019-09/2019-09-17_909d4173,2019-09,2019-09-17_909d4173,909d4173-2784-49ab-b7e1-2281fb5b9bfa,iw2,vh,2019-09-17T17:08:54.818818Z,38.65266542432342,2026-09-28T16:56:49+00:00,1790614609,post-fad0e46,current,consistent,0,0,0,0,0,0,1,current,1,,,S1A_IW_SLC__1SDV_20190917T170841_20190917T170908_029064_034C5E_E0C9.SAFE,210,51.559602,53.379815,8.757304,10.649126,1,7550,11682,8985.0,8.985,-1.015,1681,26896,0,0.000000,6854,11682,1488.6,1681,1.000000,6833,12077,0.0,21,-395,,,,
2019-09/2019-09-25_f0afe9c3,2019-09,2019-09-25_f0afe9c3,f0afe9c3-bb1d-4f92-baff-2e0d84740e86,iw1,vh,2019-09-25T05:41:18.650865Z,31.45952812660145,2026-09-28T16:59:18+00:00,1790614758,post-fad0e46,current,consistent,0,0,0,0,0,0,1,current,1,,,S1B_IW_SLC__1SDV_20190925T054117_20190925T054144_018190_022406_91FF.SAFE,210,50.871429,52.705054,8.188849,10.125152,1,1508,4652,4428.1,4.428,-5.572,1681,26896,0,0.000000,2747,5126,11588.2,1681,1.000000,1813,5168,0.0,934,-42,,,,
2019-10/2019-10-01_0566c535,2019-10,2019-10-01_0566c535,0566c535-cd80-4a8b-9a9c-26705cb6a771,iw1,vh,2019-10-01T05:42:00.689708Z,31.56683138674084,2026-09-28T17:01:45+00:00,1790614905,post-fad0e46,current,consistent,0,0,0,0,0,0,1,current,1,strip 4400/4400,,S1A_IW_SLC__1SDV_20191001T054143_20191001T054210_029261_03531C_BF93.SAFE,210,51.863736,53.693594,8.488162,10.436208,1,10549,4560,3814.3,3.814,-6.186,1681,26896,0,0.000000,11764,5378,11710.2,1681,1.000000,10851,4710,0.0,913,668,current,4400,4400,1.000000
2019-10/2019-10-07_928bba0f,2019-10,2019-10-07_928bba0f,928bba0f-9309-43ac-b258-bfab6af9219e,iw1,vh,2019-10-07T05:41:21.561440Z,31.45876581610397,2026-09-28T17:04:46+00:00,1790615086,post-fad0e46,current,consistent,0,0,0,0,0,0,1,current,1,,,S1B_IW_SLC__1SDV_20191007T054117_20191007T054144_018365_02298E_24EC.SAFE,210,50.871544,52.705182,8.190201,10.126585,1,1508,4652,4502.9,4.503,-5.497,1681,26896,0,0.000000,2746,5104,11534.5,1681,1.000000,1816,5189,0.0,930,-85,,,,
2019-10/2019-10-14_26614ea6,2019-10,2019-10-14_26614ea6,26614ea6-e3dc-4ef7-932d-808af3ecd423,iw2,vv,2019-10-14T05:33:10.795957Z,40.43272824674253,2026-09-28T17:07:37+00:00,1790615257,post-fad0e46,current,consistent,0,0,0,0,0,0,1,current,1,,,S1B_IW_SLC__1SDV_20191014T053246_20191014T053313_018467_022CB2_A442.SAFE,210,51.987002,53.81735,9.287047,11.210707,1,12144,19710,9283.9,9.284,-0.716,1681,26896,0,0.000000,13340,18396,23074.2,1681,1.000000,12487,19332,0.0,853,-936,,,,
2020-07/2020-07-01_33cf6f45,2020-07,2020-07-01_33cf6f45,33cf6f45-7bfa-4f74-8ce9-64ff3ecbd376,iw2,vv,2020-07-01T17:08:56.998353Z,38.62686387228332,2026-09-28T17:29:10+00:00,1790616550,post-fad0e46,current,consistent,0,0,0,0,0,0,1,current,1,,,S1A_IW_SLC__1SDV_20200701T170843_20200701T170911_033264_03DA9B_E761.SAFE,210,51.558389,53.213381,8.810241,10.655564,1,7550,11682,8900.9,8.901,-1.099,1681,26896,0,0.000000,6867,11682,1688.0,1681,1.000000,6843,12130,0.0,24,-448,,,,
2020-07/2020-07-09_42b112b4,2020-07,2020-07-09_42b112b4,42b112b4-b6cf-4258-ab55-177ff47b4216,iw1,vv,2020-07-09T05:41:23.684227Z,31.46875754607763,2026-09-28T17:32:52+00:00,1790616772,post-fad0e46,current,consistent,0,0,0,0,0,0,1,current,1,,,S1B_IW_SLC__1SDV_20200709T054119_20200709T054146_022390_02A7EC_AC24.SAFE,210,51.035451,52.706001,8.236821,10.124778,1,1508,4652,4478.3,4.478,-5.522,1681,26896,0,0.000000,2738,5137,11365.9,1681,1.000000,1822,5151,0.0,916,-14,,,,
2020-07/2020-07-15_32aa1746,2020-07,2020-07-15_32aa1746,32aa1746-a2eb-4e6b-82a3-c19805f13e7e,iw1,vh,2020-07-15T05:42:03.042781Z,31.58128059837791,2026-09-28T17:35:23+00:00,1790616923,post-fad0e46,current,consistent,0,0,0,0,0,0,1,current,1,,,S1A_IW_SLC__1SDV_20200715T054145_20200715T054212_033461_03E0A0_3EEC.SAFE,210,52.026996,53.694533,8.539454,10.436445,1,10549,4560,3912.4,3.912,-6.088,1681,26896,0,0.000000,11755,5379,11517.2,1681,1.000000,10860,4702,0.0,895,677,,,,
2020-07/2020-07-21_674f011c,2020-07,2020-07-21_674f011c,674f011c-0042-4a8f-823f-cf982bd19c38,iw1,vv,2020-07-21T05:41:24.336372Z,31.46790251226639,2026-09-28T17:46:18+00:00,1790617578,post-fad0e46,current,consistent,0,0,0,0,0,0,1,current,1,,,S1B_IW_SLC__1SDV_20200721T054120_20200721T054147_022565_02AD3E_33D6.SAFE,210,51.035694,52.706238,8.236467,10.124433,1,1508,4652,4483.1,4.483,-5.517,1681,26896,0,0.000000,2736,5142,11316.6,1681,1.000000,1823,5144,0.0,913,-2,,,,
2020-07/2020-07-27_60511be2,2020-07,2020-07-27_60511be2,60511be2-395e-4547-b4f8-8c93a934b36d,iw1,vv,2020-07-27T05:42:06.796603Z,31.57813104730207,2026-09-28T17:51:04+00:00,1790617864,post-fad0e46,current,consistent,0,0,0,0,0,0,1,current,1,,,S1A_IW_SLC__1SDV_20200727T054146_20200727T054213_033636_03E5FE_5D98.SAFE,210,52.026969,53.694516,8.538698,10.435801,1,10549,4560,3893.8,3.894,-6.106,1681,26896,0,0.000000,11755,5389,11555.4,1681,1.000000,10859,4692,0.0,896,697,,,,
2020-08/2020-08-02_05e4c390,2020-08,2020-08-02_05e4c390,05e4c390-f0f7-4e4d-8f0c-9e3f428e696b,iw1,vv,2020-08-02T05:41:22.480363Z,31.46753203908605,2026-08-24T12:43:29+00:00,1787575409,pre-fad0e46,legacy,consistent,0,0,0,0,0,0,1,legacy,1,,,S1B_IW_SLC__1SDV_20200802T054121_20200802T054148_022740_02B28A_2FFD.SAFE,210,51.035542,52.705963,8.235283,10.123213,1,1508,4652,4406.2,4.406,-5.594,1681,26896,1681,1.000000,2738,5161,11381.7,0,0.000000,1820,5127,0.0,918,34,,,,
2020-08/2020-08-08_8162b31c,2020-08,2020-08-08_8162b31c,8162b31c-0e47-4f3c-8b1f-be6a779e9b23,iw1,vh,2020-08-08T05:42:07.344088Z,31.57870059823557,2026-08-24T12:47:01+00:00,1787575621,pre-fad0e46,legacy,consistent,0,0,0,0,0,0,1,legacy,1,,,S1A_IW_SLC__1SDV_20200808T054146_20200808T054214_033811_03EB83_866F.SAFE,210,52.02601,53.69343,8.538844,10.435838,1,10549,4560,3782.5,3.783,-6.218,1681,26896,1681,1.000000,11765,5388,11765.1,0,0.000000,10850,4699,0.0,915,689,,,,
2020-08/2020-08-15_01f34c4a,2020-08,2020-08-15_01f34c4a,01f34c4a-5028-4f31-bdcd-e98bed663196,iw2,vh,2020-08-15T03:33:56.910661Z,40.43289581648957,2026-08-24T12:52:23+00:00,1787575943,pre-fad0e46,legacy,consistent,0,0,0,0,0,0,1,legacy,1,strip 4400/4400,,S1A_IW_SLC__1SDV_20200815T053349_20200815T053416_033913_03EF0C_F293.SAFE,210,51.168339,52.827472,9.059146,10.913818,1,3038,19965,9173.6,9.174,-0.826,1681,26896,1681,1.000000,3865,18634,3673.2,0,0.000000,3779,19615,0.0,86,-981,legacy,4400,4400,1.000000
2020-08/2020-08-24_46d055ed,2020-08,2020-08-24_46d055ed,46d055ed-b568-41ff-b32e-bc77d1b8675e,iw2,vh,2020-08-24T17:08:18.562906Z,38.73175236267674,2026-08-24T12:57:18+00:00,1787576238,pre-fad0e46,legacy,consistent,0,0,0,0,0,0,1,legacy,1,,,S1B_IW_SLC__1SDV_20200824T170804_20200824T170831_023068_02BCC8_FC82.SAFE,210,51.560824,53.216011,8.832363,10.67754,1,7565,11727,8749.8,8.750,-1.250,1681,26896,1681,1.000000,6857,11727,90.6,0,0.000000,6856,11751,0.0,1,-24,,,,
2020-09/2020-09-01_4e92ff2f,2020-09,2020-09-01_4e92ff2f,4e92ff2f-4d2a-4492-a47f-61a6d99069f2,iw1,vh,2020-09-01T05:42:05.975520Z,31.57956275244504,2026-08-24T13:02:25+00:00,1787576545,pre-fad0e46,legacy,consistent,0,0,0,0,0,0,1,legacy,1,,,S1A_IW_SLC__1SDV_20200901T054148_20200901T054215_034161_03F7D2_FD8D.SAFE,210,52.025904,53.693316,8.538291,10.435218,1,10549,4560,3771.1,3.771,-6.229,1681,26896,1681,1.000000,11765,5397,11801.8,0,0.000000,10849,4691,0.0,916,706,,,,
2020-09/2020-09-07_57a05578,2020-09,2020-09-07_57a05578,57a05578-07d3-4e63-b8b9-4c3f46e31163,iw1,vv,2020-09-07T05:41:24.367936Z,31.46514307795898,2026-08-24T13:06:21+00:00,1787576781,pre-fad0e46,legacy,consistent,0,0,0,0,0,0,1,legacy,1,,,S1B_IW_SLC__1SDV_20200907T054123_20200907T054150_023265_02C2E7_4498.SAFE,210,51.034954,52.705519,8.236633,10.124718,1,1508,4652,4432.3,4.432,-5.568,1681,26896,1681,1.000000,2742,5138,11464.6,0,0.000000,1817,5152,0.0,925,-14,,,,
2020-09/2020-09-14_60f0f0cf,2020-09,2020-09-14_60f0f0cf,60f0f0cf-b827-494e-90e0-4be034745c4d,iw1,vv,2020-09-14T05:33:16.527967Z,36.58278463620963,2026-08-24T13:11:52+00:00,1787577112,pre-fad0e46,legacy,off-target,0,0,0,0,1,1,1,legacy,1,OFF-TARGET OUTSIDE-GRID,,S1B_IW_SLC__1SDV_20200914T053252_20200914T053319_023367_02C61E_DA8B.SAFE,210,52.072936,53.738321,10.609844,12.486375,0,13562,22465,62590.3,62.590,52.590,1681,26896,1681,1.000000,13295,21356,66662.7,855,0.508626,13210,22465,62411.5,85,-1109,,,,
2020-09/2020-09-23_6334a3a2,2020-09,2020-09-23_6334a3a2,6334a3a2-82a2-4b90-b5d1-0561c3175f7a,iw2,vv,2020-09-23T17:09:01.586351Z,38.62575196992311,2026-08-24T13:17:31+00:00,1787577451,pre-fad0e46,legacy,consistent,0,0,0,0,0,0,1,legacy,1,,,S1A_IW_SLC__1SDV_20200923T170848_20200923T170915_034489_040367_47EB.SAFE,210,51.558791,53.213803,8.807131,10.652592,1,7550,11682,9019.4,9.019,-0.981,1681,26896,1681,1.000000,6863,11705,1803.1,0,0.000000,6836,12182,0.0,27,-477,,,,
2020-10/2020-10-01_27b4d709,2020-10,2020-10-01_27b4d709,27b4d709-edb7-45c6-9266-23565550afdf,iw1,vh,2020-10-01T05:41:27.692924Z,31.46260922534236,2026-08-24T13:23:20+00:00,1787577800,pre-fad0e46,legacy,consistent,0,0,0,0,0,0,1,legacy,1,,,S1B_IW_SLC__1SDV_20201001T054123_20201001T054150_023615_02CDE1_8D03.SAFE,210,51.034865,52.705426,8.237314,10.125479,1,1508,4652,4457.8,4.458,-5.542,1681,26896,1681,1.000000,2743,5127,11476.1,0,0.000000,1817,5163,0.0,926,-36,,,,
2020-10/2020-10-07_be14317a,2020-10,2020-10-07_be14317a,be14317a-eb63-4227-ab57-2e8fad8892d8,iw1,vh,2020-10-07T05:42:07.117946Z,31.57210175080595,2026-08-24T13:26:45+00:00,1787578005,pre-fad0e46,legacy,consistent,0,0,0,0,0,0,1,legacy,1,,,S1A_IW_SLC__1SDV_20201007T054149_20201007T054216_034686_040A40_E9E7.SAFE,210,52.026466,53.693664,8.539551,10.436775,1,10549,4560,3852.5,3.853,-6.147,1681,26896,1681,1.000000,11761,5374,11625.1,0,0.000000,10855,4710,0.0,906,664,,,,
2020-10/2020-10-14_6115ab17,2020-10,2020-10-14_6115ab17,6115ab17-83eb-4f57-9a6e-1de8fafbbae5,iw2,vh,2020-10-14T05:33:59.120409Z,40.42655709258555,2026-08-24T13:31:53+00:00,1787578313,pre-fad0e46,legacy,consistent,0,0,0,0,0,0,1,legacy,1,,,S1A_IW_SLC__1SDV_20201014T053351_20201014T053418_034788_040DD9_E1C7.SAFE,210,51.168909,52.827917,9.059672,10.914551,1,3038,19965,9224.6,9.225,-0.775,1681,26896,1681,1.000000,3860,18634,3669.2,0,0.000000,3785,19623,0.0,75,-989,,,,
2020-10/2020-10-23_761eefb7,2020-10,2020-10-23_761eefb7,761eefb7-c7ec-46c7-8dcc-9fcd21bc7baa,iw2,vv,2020-10-23T17:08:19.845194Z,38.72558849930491,2026-08-24T13:37:01+00:00,1787578621,pre-fad0e46,legacy,consistent,0,0,0,0,0,0,1,legacy,1,,,S1B_IW_SLC__1SDV_20201023T170805_20201023T170832_023943_02D81D_97BF.SAFE,210,51.560939,53.216138,8.831901,10.67734,1,7565,11727,8739.3,8.739,-1.261,1681,26896,1681,1.000000,6858,11727,110.4,0,0.000000,6856,11756,0.0,2,-29,,,,
2020-10/2020-10-31_2f0da6d6,2020-10,2020-10-31_2f0da6d6,2f0da6d6-6042-468a-af9a-5d5fdfbc5008,iw1,vv,2020-10-31T05:42:07.151027Z,31.57052136333594,2026-08-24T13:41:47+00:00,1787578907,pre-fad0e46,legacy,consistent,0,0,0,0,0,0,1,legacy,1,strip 4400/4400,,S1A_IW_SLC__1SDV_20201031T054149_20201031T054216_035036_041658_6988.SAFE,210,52.026586,53.694011,8.53911,10.43643,1,10549,4560,3854.6,3.855,-6.145,1681,26896,1681,1.000000,11760,5381,11620.1,0,0.000000,10855,4703,0.0,905,678,legacy,4400,4400,1.000000
2020-11/2020-11-01_c0eb272f,2020-11,2020-11-01_c0eb272f,c0eb272f-8530-4222-956b-672be137f02b,iw1,vv,2020-11-01T05:33:17.127958Z,36.57882207648422,2026-08-24T13:43:30+00:00,1787579010,pre-fad0e46,legacy,off-target,0,0,0,0,1,1,1,legacy,1,OFF-TARGET OUTSIDE-GRID,,S1B_IW_SLC__1SDV_20201101T053253_20201101T053320_024067_02DBFB_8F65.SAFE,210,52.072612,53.737869,10.60996,12.486593,0,13562,22465,62607.0,62.607,52.607,1681,26896,1681,1.000000,13298,21356,66678.2,721,0.428911,13208,22465,62425.7,90,-1109,,,,
2020-11/2020-11-10_926e5a9d,2020-11,2020-11-10_926e5a9d,926e5a9d-6aa0-41d7-8b19-b775e1057770,iw2,vh,2020-11-10T17:09:01.694581Z,38.61967294635406,2026-08-24T13:48:40+00:00,1787579320,pre-fad0e46,legacy,consistent,0,0,0,0,0,0,1,legacy,1,,,S1A_IW_SLC__1SDV_20201110T170848_20201110T170915_035189_041BBF_B7C7.SAFE,210,51.559056,53.214064,8.807238,10.6529,1,7550,11682,9027.4,9.027,-0.973,1681,26896,1681,1.000000,6862,11700,1800.3,0,0.000000,6835,12177,0.0,27,-477,,,,
2020-11/2020-11-18_69344743,2020-11,2020-11-18_69344743,69344743-4f9d-4aa2-a88c-dcb2b2a352dd,iw1,vv,2020-11-18T05:41:24.987458Z,31.45832270681095,2026-08-24T13:53:33+00:00,1787579613,pre-fad0e46,legacy,consistent,0,0,0,0,0,0,1,legacy,1,,,S1B_IW_SLC__1SDV_20201118T054123_20201118T054150_024315_02E3B5_B0E6.SAFE,210,51.035266,52.705723,8.237331,10.125693,1,1508,4652,4487.5,4.487,-5.513,1681,26896,1681,1.000000,2741,5124,11414.1,0,0.000000,1820,5164,0.0,921,-40,,,,
2020-11/2020-11-24_8ecea547,2020-11,2020-11-24_8ecea547,8ecea547-368b-4e62-95e2-7b228b0a8f87,iw1,vv,2020-11-24T05:42:06.470989Z,31.56871546785013,2026-08-24T13:57:42+00:00,1787579862,pre-fad0e46,legacy,consistent,0,0,0,0,0,0,1,legacy,1,,,S1A_IW_SLC__1SDV_20201124T054148_20201124T054215_035386_04227F_87FE.SAFE,210,52.026351,53.693926,8.541546,10.439065,1,10549,4560,3895.0,3.895,-6.105,1681,26896,1681,1.000000,11762,5341,11553.0,0,0.000000,10856,4742,0.0,906,599,,,,
2020-12/2020-12-01_43b203ee,2020-12,2020-12-01_43b203ee,43b203ee-c9bc-4415-bec7-2a60fa47834f,iw1,vv,2020-12-01T05:33:58.169313Z,36.5911242207245,2026-08-24T14:02:12+00:00,1787580132,pre-fad0e46,legacy,off-target,0,0,0,0,1,1,1,legacy,1,OFF-TARGET OUTSIDE-GRID,,S1A_IW_SLC__1SDV_20201201T053350_20201201T053417_035488_042614_6E1B.SAFE,210,51.08147,52.749099,10.303844,12.167109,0,4524,22848,62249.2,62.249,52.249,1681,26896,1681,1.000000,4230,21717,66520.5,857,0.509816,4306,22848,62196.4,-76,-1131,,,,
2020-12/2020-12-10_9a38eb7b,2020-12,2020-12-10_9a38eb7b,9a38eb7b-0b88-4da6-9d48-aea804988148,iw2,vv,2020-12-10T17:08:18.858194Z,38.72305279468683,2026-08-24T14:06:58+00:00,1787580418,pre-fad0e46,legacy,consistent,0,0,0,0,0,0,1,legacy,1,,,S1B_IW_SLC__1SDV_20201210T170805_20201210T170831_024643_02EE33_250E.SAFE,210,51.560841,53.216153,8.832204,10.677727,1,7565,11727,8737.3,8.737,-1.263,1681,26896,1681,1.000000,6858,11727,87.5,0,0.000000,6856,11750,0.0,2,-23,,,,
2020-12/2020-12-18_45fa437f,2020-12,2020-12-18_45fa437f,45fa437f-d170-4b6a-a57e-d46b7d7de8ac,iw1,vv,2020-12-18T05:42:08.413210Z,31.56748350048897,2026-08-24T14:12:31+00:00,1787580751,pre-fad0e46,legacy,consistent,0,0,0,0,0,0,1,legacy,1,,,S1A_IW_SLC__1SDV_20201218T054147_20201218T054215_035736_042E8D_169C.SAFE,210,52.026954,53.694397,8.53966,10.437164,1,10549,4560,3909.2,3.909,-6.091,1681,26896,1681,1.000000,11756,5370,11511.1,0,0.000000,10859,4711,0.0,897,659,,,,
2020-12/2020-12-24_5dda4365,2020-12,2020-12-24_5dda4365,5dda4365-2990-47d0-bee1-11cd0033a1dc,iw1,vv,2020-12-24T05:41:26.136040Z,31.45726806848278,2026-08-24T14:15:53+00:00,1787580953,pre-fad0e46,legacy,consistent,0,0,0,0,0,0,1,legacy,1,,,S1B_IW_SLC__1SDV_20201224T054122_20201224T054149_024840_02F495_9E19.SAFE,210,51.03535,52.705814,8.239261,10.127689,1,1508,4652,4585.2,4.585,-5.415,1681,26896,1681,1.000000,2740,5093,11375.6,0,0.000000,1823,5194,0.0,917,-101,,,,
2020-12/2020-12-31_cb7e4907,2020-12,2020-12-31_cb7e4907,cb7e4907-400f-4d9c-bf04-3be7ab3f28c7,iw1,vh,2020-12-31T05:33:15.066579Z,36.39494637301461,2026-08-24T14:20:16+00:00,1787581216,pre-fad0e46,legacy,off-target,0,0,0,0,1,1,1,legacy,1,OFF-TARGET OUTSIDE-GRID,,S1B_IW_SLC__1SDV_20201231T053251_20201231T053318_024942_02F7DB_4C3E.SAFE,210,51.908208,53.567986,10.600976,12.427953,0,12016,21727,65310.7,65.311,55.311,1681,26896,1681,1.000000,11765,20653,69391.8,1,0.000595,11804,21727,65260.9,-39,-1074,,,,
2021-01/2021-01-03_5464dab5,2021-01,2021-01-03_5464dab5,5464dab5-1a4c-4984-a276-92db2de2dc1b,iw2,vh,2021-01-03T17:08:17.725351Z,38.72290110449839,2026-08-24T14:21:21+00:00,1787581281,pre-fad0e46,legacy,consistent,0,0,0,0,0,0,1,legacy,1,strip 4400/4400,,S1B_IW_SLC__1SDV_20210103T170803_20210103T170830_024993_02F97C_4992.SAFE,210,51.560557,53.215866,8.831778,10.67729,1,7565,11727,8725.5,8.726,-1.274,1681,26896,1681,1.000000,6859,11727,122.6,0,0.000000,6857,11760,0.0,2,-33,legacy,4400,4400,1.000000
2021-01/2021-01-11_56e20964,2021-01,2021-01-11_56e20964,56e20964-0a4e-4a09-a289-7024aa1acadb,iw1,vv,2021-01-11T05:42:04.464748Z,31.56813164004652,2026-08-24T14:26:11+00:00,1787581571,pre-fad0e46,legacy,consistent,0,0,0,0,0,0,1,legacy,1,,,S1A_IW_SLC__1SDV_20210111T054146_20210111T054213_036086_043ACA_6359.SAFE,210,52.027185,53.694616,8.540003,10.437459,1,10549,4560,3940.9,3.941,-6.059,1681,26896,1681,1.000000,11754,5365,11447.7,0,0.000000,10862,4715,0.0,892,650,,,,
2021-01/2021-01-17_7b9cbe10,2021-01,2021-01-17_7b9cbe10,7b9cbe10-55c5-46ca-9010-cbe8ecadfde7,iw1,vv,2021-01-17T05:41:22.370622Z,31.45758506686164,2026-08-24T14:29:53+00:00,1787581793,pre-fad0e46,legacy,consistent,0,0,0,0,0,0,1,legacy,1,,,S1B_IW_SLC__1SDV_20210117T054121_20210117T054148_025190_02FFCB_6733.SAFE,210,51.0353,52.705761,8.237958,10.126359,1,1508,4652,4532.1,4.532,-5.468,1681,26896,1681,1.000000,2739,5113,11385.4,0,0.000000,1822,5174,0.0,917,-61,,,,
2021-01/2021-01-24_2a6f1722,2021-01,2021-01-24_2a6f1722,2a6f1722-debd-43de-bc51-ac71480671e5,iw1,vv,2021-01-24T05:33:14.033712Z,36.39372164906575,2026-08-24T14:34:34+00:00,1787582074,pre-fad0e46,legacy,off-target,0,0,0,0,1,1,1,legacy,1,OFF-TARGET OUTSIDE-GRID,,S1B_IW_SLC__1SDV_20210124T053250_20210124T053317_025292_03030B_8B75.SAFE,210,51.908283,53.568078,10.60277,12.429847,0,12016,21727,65427.6,65.428,55.428,1681,26896,1681,1.000000,11764,20653,69510.7,1,0.000595,11807,21727,65379.2,-43,-1074,,,,
2021-02/2021-02-02_07f9ca9f,2021-02,2021-02-02_07f9ca9f,07f9ca9f-7206-4fbe-b3ad-5a4cfa22733a,iw2,vh,2021-02-02T17:08:58.422006Z,38.74299688551864,2026-08-24T14:39:36+00:00,1787582376,pre-fad0e46,legacy,consistent,0,0,0,0,0,0,1,legacy,1,,,S1A_IW_SLC__1SDV_20210202T170834_20210202T170902_036414_04463B_8E14.SAFE,210,50.905356,52.553305,9.070884,10.821792,1,12088,11205,9879.7,9.880,-0.120,1681,26896,1681,1.000000,12857,10708,1955.7,0,0.000000,12799,11185,0.0,58,-477,,,,
2021-02/2021-02-10_0245ccbc,2021-02,2021-02-10_0245ccbc,0245ccbc-d084-47ff-99a2-964daee4f2c2,iw1,vv,2021-02-10T05:41:21.631379Z,31.45803015844313,2026-08-24T14:44:08+00:00,1787582648,pre-fad0e46,legacy,consistent,0,0,0,0,0,0,1,legacy,1,,,S1B_IW_SLC__1SDV_20210210T054120_20210210T054147_025540_030B13_AC0F.SAFE,210,51.035411,52.705851,8.236314,10.124634,1,1508,4652,4452.1,4.452,-5.548,1681,26896,1681,1.000000,2739,5141,11395.1,0,0.000000,1820,5148,0.0,919,-7,,,,
2021-02/2021-02-16_bc9d24b7,2021-02,2021-02-16_bc9d24b7,bc9d24b7-5f42-4c7f-8ee1-21c2a8a412f6,iw1,vv,2021-02-16T05:42:03.199413Z,31.57051207736771,2026-08-24T14:48:37+00:00,1787582917,pre-fad0e46,legacy,consistent,0,0,0,0,0,0,1,legacy,1,,,S1A_IW_SLC__1SDV_20210216T054145_20210216T054212_036611_044D0A_F774.SAFE,210,52.026448,53.694012,8.540091,10.437514,1,10549,4560,3879.0,3.879,-6.121,1681,26896,1681,1.000000,11760,5364,11587.3,0,0.000000,10856,4719,0.0,904,645,,,,
2021-02/2021-02-23_0957ed41,2021-02,2021-02-23_0957ed41,0957ed41-3bea-435d-9cc6-23847b104f49,iw2,vh,2021-02-23T05:33:55.061281Z,40.42702508649963,2026-08-24T14:53:23+00:00,1787583203,pre-fad0e46,legacy,consistent,0,0,0,0,0,0,1,legacy,1,,,S1A_IW_SLC__1SDV_20210223T053347_20210223T053414_036713_045095_28DD.SAFE,210,51.169391,52.8284,9.060473,10.915796,1,3038,19965,9294.3,9.294,-0.706,1681,26896,1681,1.000000,3855,18634,3683.1,0,0.000000,3790,19635,0.0,65,-1001,,,,
2021-03/2021-03-01_22752f50,2021-03,2021-03-01_22752f50,22752f50-6203-4cef-96d2-2577ee33701b,iw1,vv,2021-03-01T05:33:13.121358Z,36.38683717520325,2026-08-24T14:55:26+00:00,1787583326,pre-fad0e46,legacy,off-target,0,0,0,0,1,1,1,legacy,1,OFF-TARGET OUTSIDE-GRID,,S1B_IW_SLC__1SDV_20210301T053250_20210301T053316_025817_03141D_C890.SAFE,210,51.913911,53.56786,10.60413,12.384475,0,12008,21037,65518.5,65.519,55.519,1681,26896,1681,1.000000,11756,19988,69504.3,0,0.000000,11799,21037,65470.4,-43,-1049,,,,
2021-03/2021-03-10_42cda85f,2021-03,2021-03-10_42cda85f,42cda85f-74fc-4124-b3de-bfa65befb44e,iw2,vh,2021-03-10T17:08:57.964341Z,38.67586007764793,2026-08-24T15:00:39+00:00,1787583639,pre-fad0e46,legacy,consistent,0,0,0,0,0,0,1,legacy,1,,,S1A_IW_SLC__1SDV_20210310T170844_20210310T170912_036939_045889_D492.SAFE,210,51.558239,53.215855,8.808555,10.679053,1,7560,11925,8760.6,8.761,-1.239,1681,26896,1681,1.000000,6867,11925,883.0,0,0.000000,6854,12160,0.0,13,-235,,,,
2021-03/2021-03-18_91c11f8b,2021-03,2021-03-18_91c11f8b,91c11f8b-4c9b-420b-bfd2-32d689943b8a,iw1,vv,2021-03-18T05:41:21.179002Z,31.46637065780452,2026-08-24T15:03:30+00:00,1787583810,pre-fad0e46,legacy,consistent,0,0,0,0,0,0,1,legacy,1,strip 4400/4400,,S1B_IW_SLC__1SDV_20210318T054120_20210318T054147_026065_031C24_EFAB.SAFE,210,51.035357,52.705801,8.238246,10.126315,1,1508,4652,4539.8,4.540,-5.460,1681,26896,1681,1.000000,2739,5112,11369.6,0,0.000000,1822,5174,0.0,917,-62,legacy,4400,4400,1.000000
2021-03/2021-03-25_1d955b37,2021-03,2021-03-25_1d955b37,1d955b37-e9e0-4c2e-95e4-0332646f0d1b,iw1,vv,2021-03-25T05:33:13.416265Z,36.39149817344806,2026-08-24T15:08:13+00:00,1787584093,pre-fad0e46,legacy,off-target,0,0,0,0,1,1,1,legacy,1,OFF-TARGET OUTSIDE-GRID,,S1B_IW_SLC__1SDV_20210325T053250_20210325T053317_026167_031F5E_151E.SAFE,210,51.914065,53.567882,10.60384,12.383944,0,12008,21037,65496.0,65.496,55.496,1681,26896,1681,1.000000,11755,19988,69482.0,0,0.000000,11800,21037,65448.2,-45,-1049,,,,
2021-04/2021-04-03_1e17aa73,2021-04,2021-04-03_1e17aa73,1e17aa73-3099-4f63-94b4-f1641d2c3150,iw2,vh,2021-04-03T17:08:58.380449Z,38.67896346489116,2026-08-24T15:10:57+00:00,1787584257,pre-fad0e46,legacy,consistent,0,0,0,0,0,0,1,legacy,1,,,S1A_IW_SLC__1SDV_20210403T170845_20210403T170912_037289_04649F_86CB.SAFE,210,51.558327,53.216083,8.808292,10.678768,1,7560,11925,8775.7,8.776,-1.224,1681,26896,1681,1.000000,6865,11925,898.5,0,0.000000,6852,12164,0.0,13,-239,,,,
2021-04/2021-04-11_01ff25f8,2021-04,2021-04-11_01ff25f8,01ff25f8-b3b5-4c60-9b8d-460f4ac60fd2,iw1,vh,2021-04-11T05:41:21.986634Z,31.46827858547076,2026-08-24T15:13:10+00:00,1787584390,pre-fad0e46,legacy,consistent,0,0,0,0,0,0,1,legacy,1,,,S1B_IW_SLC__1SDV_20210411T054120_20210411T054147_026415_032740_DE6C.SAFE,210,51.035547,52.705976,8.236211,10.124149,1,1508,4652,4448.0,4.448,-5.552,1681,26896,1681,1.000000,2738,5147,11380.3,1,0.000595,1821,5141,0.0,917,6,,,,
2021-04/2021-04-15_83bfdd50,2021-04,2021-04-15_83bfdd50,83bfdd50-c42e-4d30-bba2-707bd13ed97c,iw2,vv,2021-04-15T17:08:58.847291Z,38.68197329832224,2026-08-24T15:15:27+00:00,1787584527,pre-fad0e46,legacy,consistent,0,0,0,0,0,0,1,legacy,1,,,S1A_IW_SLC__1SDV_20210415T170845_20210415T170912_037464_046AAD_468D.SAFE,210,51.558223,53.216213,8.808905,10.679335,1,7560,11925,8766.2,8.766,-1.234,1681,26896,1681,1.000000,6865,11925,858.1,0,0.000000,6853,12153,0.0,12,-228,,,,
2021-04/2021-04-23_3959a74c,2021-04,2021-04-23_3959a74c,3959a74c-4635-4a95-9f4b-f83ac03e61c9,iw1,vv,2021-04-23T05:41:25.368889Z,31.46878117960142,2026-08-24T15:18:05+00:00,1787584685,pre-fad0e46,legacy,consistent,0,0,0,0,0,0,1,legacy,1,,,S1B_IW_SLC__1SDV_20210423T054121_20210423T054148_026590_032CE1_5D55.SAFE,210,51.035617,52.706171,8.236473,10.124448,1,1508,4652,4489.7,4.490,-5.510,1681,26896,1681,1.000000,2735,5141,11305.4,0,0.000000,1824,5145,0.0,911,-4,,,,
2021-04/2021-04-29_6cfc86c8,2021-04,2021-04-29_6cfc86c8,6cfc86c8-766c-4527-a929-7c4cbf6a4b60,iw1,vh,2021-04-29T05:42:04.452098Z,31.57900037601893,2026-08-24T15:20:03+00:00,1787584803,pre-fad0e46,legacy,consistent,0,0,0,0,0,0,1,legacy,1,,,S1A_IW_SLC__1SDV_20210429T054146_20210429T054213_037661_047176_FAB3.SAFE,210,52.027024,53.694428,8.53912,10.436091,1,10549,4560,3908.3,3.908,-6.092,1681,26896,1681,1.000000,11755,5383,11525.6,0,0.000000,10860,4698,0.0,895,685,,,,
2021-05/2021-05-03_437f6fce,2021-05,2021-05-03_437f6fce,437f6fce-9e22-46c2-af2f-403936502496,iw2,vv,2021-05-03T17:08:17.747784Z,38.6464152953158,2026-08-24T15:21:28+00:00,1787584888,pre-fad0e46,legacy,consistent,0,0,0,0,0,0,1,legacy,1,,,S1B_IW_SLC__1SDV_20210503T170816_20210503T170843_026743_0331C6_B532.SAFE,210,52.215394,53.875233,8.583072,10.493295,1,1511,12051,8806.1,8.806,-1.194,1681,26896,1681,1.000000,827,12051,1411.4,0,0.000000,807,12426,0.0,20,-375,,,,
2021-05/2021-05-09_6d2089af,2021-05,2021-05-09_6d2089af,6d2089af-d67a-4006-9262-8b685d5db729,iw2,vv,2021-05-09T17:08:59.983323Z,38.68253018997533,2026-08-24T15:24:12+00:00,1787585052,pre-fad0e46,legacy,consistent,0,0,0,0,0,0,1,legacy,1,,,S1A_IW_SLC__1SDV_20210509T170846_20210509T170914_037814_04768F_1855.SAFE,210,51.558448,53.216297,8.809675,10.680004,1,7560,11925,8776.7,8.777,-1.223,1681,26896,1681,1.000000,6863,11925,806.2,0,0.000000,6852,12139,0.0,11,-214,,,,
2021-05/2021-05-17_310c590f,2021-05,2021-05-17_310c590f,310c590f-88ab-42fe-9d98-9c66ef27124c,iw1,vh,2021-05-17T05:41:23.738038Z,31.46881010161452,2026-08-24T15:26:25+00:00,1787585185,pre-fad0e46,legacy,consistent,0,0,0,0,0,0,1,legacy,1,,,S1B_IW_SLC__1SDV_20210517T054122_20210517T054149_026940_0337F2_A86A.SAFE,210,51.035644,52.70632,8.236423,10.12444,1,1508,4652,4489.7,4.490,-5.510,1681,26896,1681,1.000000,2735,5142,11300.2,2,0.001190,1824,5144,0.0,911,-2,,,,
2021-05/2021-05-23_d0a95371,2021-05,2021-05-23_d0a95371,d0a95371-3b05-4fa7-900e-32937134edbf,iw1,vv,2021-05-23T05:42:08.590792Z,31.57720258153313,2026-08-24T15:29:02+00:00,1787585342,pre-fad0e46,legacy,consistent,0,0,0,0,0,0,1,legacy,1,strip 4400/4400,,S1A_IW_SLC__1SDV_20210523T054148_20210523T054215_038011_047C7E_2495.SAFE,210,52.02692,53.694342,8.539002,10.436079,1,10549,4560,3896.4,3.896,-6.104,1681,26896,1681,1.000000,11756,5384,11549.7,0,0.000000,10859,4698,0.0,897,686,legacy,4400,4400,1.000000
2021-05/2021-05-30_29700a70,2021-05,2021-05-30_29700a70,29700a70-f177-476b-8e24-48f2aa217ef9,iw2,vh,2021-05-30T05:33:58.177934Z,40.43108323388173,2026-08-24T15:31:18+00:00,1787585478,pre-fad0e46,legacy,consistent,0,0,0,0,0,0,1,legacy,1,,,S1A_IW_SLC__1SDV_20210530T053350_20210530T053417_038113_047F7E_5FC2.SAFE,210,51.16957,52.828815,9.059578,10.914364,1,3038,19965,9324.5,9.325,-0.675,1681,26896,1681,1.000000,3852,18634,3604.8,0,0.000000,3792,19616,0.0,60,-982,,,,
2021-06/2021-06-02_613da2d2,2021-06,2021-06-02_613da2d2,613da2d2-8dd1-4116-b11c-e6dc2dca0015,iw2,vv,2021-06-02T17:09:01.214036Z,38.68192597880103,2026-08-24T15:31:56+00:00,1787585516,pre-fad0e46,legacy,consistent,0,0,0,0,0,0,1,legacy,1,,,S1A_IW_SLC__1SDV_20210602T170848_20210602T170915_038164_048116_CA1F.SAFE,210,51.558238,53.216101,8.809393,10.679777,1,7560,11925,8773.2,8.773,-1.227,1681,26896,1681,1.000000,6864,11925,827.5,0,0.000000,6852,12145,0.0,12,-220,,,,
2021-06/2021-06-10_e8b0a9fb,2021-06,2021-06-10_e8b0a9fb,e8b0a9fb-5d06-4135-8bb4-053d27f06da4,iw1,vv,2021-06-10T05:41:25.156510Z,31.46641759183426,2026-08-24T15:33:49+00:00,1787585629,pre-fad0e46,legacy,consistent,0,0,0,0,0,0,1,legacy,1,,,S1B_IW_SLC__1SDV_20210610T054124_20210610T054151_027290_034272_60C4.SAFE,210,51.035775,52.706202,8.235908,10.123904,1,1508,4652,4455.5,4.455,-5.545,1681,26896,1681,1.000000,2736,5151,11320.1,0,0.000000,1823,5136,0.0,913,15,,,,
2021-06/2021-06-17_4766a775,2021-06,2021-06-17_4766a775,4766a775-e0ed-4b76-9aac-a3acf9326e81,iw1,vv,2021-06-17T05:33:17.458540Z,36.58565706220891,2026-08-24T15:36:24+00:00,1787585784,pre-fad0e46,legacy,off-target,0,0,0,0,1,1,1,legacy,1,OFF-TARGET OUTSIDE-GRID,,S1B_IW_SLC__1SDV_20210617T053253_20210617T053320_027392_034585_C0B5.SAFE,210,52.073505,53.738641,10.610359,12.486729,0,13562,22465,62608.1,62.608,52.608,1681,26896,1681,1.000000,13291,21356,66683.8,815,0.484830,13215,22465,62434.4,76,-1109,,,,
2021-06/2021-06-26_550a2403,2021-06,2021-06-26_550a2403,550a2403-19f1-47fe-b322-4be170ff6ec0,iw2,vv,2021-06-26T17:09:02.768800Z,38.68276445674882,2026-08-24T15:39:02+00:00,1787585942,pre-fad0e46,legacy,consistent,0,0,0,0,0,0,1,legacy,1,,,S1A_IW_SLC__1SDV_20210626T170849_20210626T170916_038514_048B85_094B.SAFE,210,51.557936,53.215654,8.810829,10.681032,1,7560,11925,8702.0,8.702,-1.298,1681,26896,1681,1.000000,6868,11925,742.0,0,0.000000,6858,12122,0.0,10,-197,,,,
2021-07/2021-07-02_4c817ed1,2021-07,2021-07-02_4c817ed1,4c817ed1-f784-4200-b34d-54cd9b91ccfd,iw2,vv,2021-07-02T17:08:21.243615Z,38.72284368780904,2026-08-24T15:41:04+00:00,1787586064,pre-fad0e46,legacy,consistent,0,0,0,0,0,0,1,legacy,1,,,S1B_IW_SLC__1SDV_20210702T170807_20210702T170834_027618_034BD8_A6D5.SAFE,210,51.560453,53.216004,8.828981,10.678532,1,7560,11763,8724.7,8.725,-1.275,1681,26896,1681,1.000000,6856,11763,171.4,0,0.000000,6853,11809,0.0,3,-46,,,,
2021-07/2021-07-11_0ec5c464,2021-07,2021-07-11_0ec5c464,0ec5c464-083f-4adb-82d7-9534a619719b,iw2,vh,2021-07-11T05:33:18.733915Z,40.44010294497458,2026-08-24T15:48:32+00:00,1787586512,pre-fad0e46,legacy,consistent,0,0,0,0,0,0,1,legacy,1,,,S1B_IW_SLC__1SDV_20210711T053254_20210711T053321_027742_034F8F_E21A.SAFE,210,52.160929,53.817754,9.333328,11.209053,1,12144,19710,9360.1,9.360,-0.640,1681,26896,1681,1.000000,13035,18396,4522.3,0,0.000000,12810,19308,0.0,225,-912,,,,
2021-07/2021-07-20_536b6b54,2021-07,2021-07-20_536b6b54,536b6b54-2be0-4402-aa71-01de3092b907,iw2,vh,2021-07-20T17:09:04.204377Z,38.68099207322673,2026-08-24T15:52:06+00:00,1787586726,pre-fad0e46,legacy,consistent,0,0,0,0,0,0,1,legacy,1,,,S1A_IW_SLC__1SDV_20210720T170851_20210720T170918_038864_049606_DA87.SAFE,210,51.558325,53.216189,8.808767,10.679172,1,7560,11925,8793.9,8.794,-1.206,1681,26896,1681,1.000000,6863,11925,867.6,0,0.000000,6851,12156,0.0,12,-231,,,,
2021-07/2021-07-28_026f2b0e,2021-07,2021-07-28_026f2b0e,026f2b0e-0526-44d6-9e92-da094e37907b,iw1,vv,2021-07-28T05:41:30.808357Z,31.4678932169978,2026-08-24T15:56:09+00:00,1787586969,pre-fad0e46,legacy,consistent,0,0,0,0,0,0,1,legacy,1,,,S1B_IW_SLC__1SDV_20210728T054126_20210728T054153_027990_0356D8_9DEF.SAFE,210,51.035419,52.705861,8.23772,10.125703,1,1508,4652,4518.5,4.519,-5.481,1681,26896,1681,1.000000,2738,5122,11361.1,0,0.000000,1822,5165,0.0,916,-43,,,,
