site,record_class,record_key,id,acquisition_ts,pass_label,orbit_direction,displacement_los_m,brightness_ratio,measured_frequency_hz,baseline_frequency_hz,frequency_drop_pct,wind_speed_ms,temperature_c,traffic_load_label,status,phase_detected_frequency_hz,phase_coherence,phase_status,coherence_gamma2,coherence_masked_pixels,ndvi,ndvi_scene_date,ndvi_confound_flagged,sub_aperture_modulation,coherent_sum_amplitude,registration_status,phase_rms_rad,condition_label,campaign_label,month,burst_dir,burst_id,acquisition_date,subswath,polarisation,damage_label,structural_state,campaign_range,incidence_angle_deg,amplitude,phase_rad,phase_deg,mast_peak_row,mast_peak_col,mast_mean_amplitude,mast_coherent_amplitude,window_peak_amplitude,window_peak_phase_deg,strip_peak_amplitude,strip_brightness_ratio,filtered,weather,wind_direction_from_deg,wind_direction_to_deg,look_azimuth_deg,wind_along_los_ms,wind_cross_los_ms,disp_middle_m,peak_intensity,sub_aperture_brightness,phase_snr_db,amplitude_measured_m,amplitude_expected_m,wind_gust_ms,precipitation_mm,relative_humidity_pct,snow_depth_m,snowfall_cm,weather_ts,dwell_s,scatterers,is_damaged,campaign_period_index,period_index,start_date,end_date,segments
espoo,measurement,66ecae67-6e39-414d-ada0-2757075efa40,66ecae67-6e39-414d-ada0-2757075efa40,2024-09-05T04:42:36.943905+00:00,morning,DESCENDING,0.007179867931347303,0.19374521875923958,14.948116954535475,15.18239714298073,1.5431040713723443,5.0,10.0,low,processed,,0.12988537399227693,,0.006308361938122193,158,,,,,180.8535318980528,coarse,4.8719738943389235,,,,,,,,,,,,,,,,,,,,,,,,,,,,,,,,,,,,,,,,,,,,,,,,,,
espoo,measurement,5071783d-72fa-4e08-a57d-f989e73e06ae,5071783d-72fa-4e08-a57d-f989e73e06ae,2024-09-05T15:57:22.190861+00:00,afternoon,ASCENDING,0.0,1.0,15.18239714298073,15.18239714298073,0.0,5.0,10.0,high,processed,,0.1369270776563822,,0.48406899630110906,6,,,,,1927.0583800186232,coarse,5.431609212972952,,,,,,,,,,,,,,,,,,,,,,,,,,,,,,,,,,,,,,,,,,,,,,,,,,
espoo,measurement,199a3afd-02de-4f0f-a54b-ceab50e422ad,199a3afd-02de-4f0f-a54b-ceab50e422ad,2024-09-10T04:50:48.932394+00:00,morning,DESCENDING,0.006136772522937621,0.32726996440804473,14.98148091502958,15.18239714298073,1.3233498377035833,5.0,10.0,low,processed,,0.12291182919487716,,0.008726062442451884,11,,,,,208.08652046684813,coarse,5.171725037933523,,,,,,,,,,,,,,,,,,,,,,,,,,,,,,,,,,,,,,,,,,,,,,,,,,
espoo,measurement,db1cc780-60c2-4bff-b91f-14d26189f6b3,db1cc780-60c2-4bff-b91f-14d26189f6b3,2024-09-10T16:05:34.035155+00:00,afternoon,ASCENDING,0.0025606526245055086,0.8420114582864807,15.097584097911062,15.18239714298073,0.5586274965075535,5.0,10.0,high,processed,,0.1951320552463836,,0.11060968990734808,3,,,,,664.6803743153547,coarse,5.509758326475361,,,,,,,,,,,,,,,,,,,,,,,,,,,,,,,,,,,,,,,,,,,,,,,,,,
espoo,measurement,b9290049-15ac-4380-80b3-19c893cdd589,b9290049-15ac-4380-80b3-19c893cdd589,2024-09-17T04:42:37.673016+00:00,morning,DESCENDING,0.006754752928296395,0.24485142384646028,14.961687552218493,15.18239714298073,1.4537203096697895,5.0,10.0,low,processed,,0.19251532281043546,,0.03716562532273495,21,,,,,,coarse,5.358276608893753,,,,,,,,,,,,,,,,,,,,,,,,,,,,,,,,,,,,,,,,,,,,,,,,,,
espoo,measurement,17af49b8-d420-4131-925a-7e7d357ba064,17af49b8-d420-4131-925a-7e7d357ba064,2024-09-17T15:57:22.851704+00:00,afternoon,ASCENDING,0.0,1.0,15.18239714298073,15.18239714298073,0.0,5.0,10.0,high,processed,,0.12926553734490753,,0.0773104316684172,10,,,,,2444.332628755751,coarse,5.178222400501036,,,,,,,,,,,,,,,,,,,,,,,,,,,,,,,,,,,,,,,,,,,,,,,,,,
espoo,measurement,896803cc-c351-41da-8e4d-d82a93d9a35d,896803cc-c351-41da-8e4d-d82a93d9a35d,2024-10-04T04:50:49.675482+00:00,morning,DESCENDING,0.005279927549386358,0.4529451251874423,15.00905532391592,15.18239714298073,1.1417289208835546,5.0,10.0,low,processed,,0.14059161581312796,,0.10233771859392274,5,,,,,107.35455276791944,coarse,7.970503249839911,,,,,,,,,,,,,,,,,,,,,,,,,,,,,,,,,,,,,,,,,,,,,,,,,,
espoo,measurement,baf1608b-43ba-4460-80ed-c13ab0003fef,baf1608b-43ba-4460-80ed-c13ab0003fef,2024-10-04T16:05:34.825362+00:00,afternoon,ASCENDING,0.0,1.0,15.18239714298073,15.18239714298073,0.0,5.0,10.0,high,processed,,0.13273204024686686,,0.7079541039806905,6,,,,,,coarse,6.234626340147166,,,,,,,,,,,,,,,,,,,,,,,,,,,,,,,,,,,,,,,,,,,,,,,,,,
espoo,measurement,e20c3ab9-1a50-42a2-b698-7a582e5bb90d,e20c3ab9-1a50-42a2-b698-7a582e5bb90d,2024-10-11T04:42:38.120984+00:00,morning,DESCENDING,0.006050571892546789,0.33941051975041153,14.98424809226496,15.18239714298073,1.3051236168418918,5.0,10.0,low,processed,,0.15936899394705822,,0.01644782879287055,61,,,,,211.17765033260503,coarse,4.469320204336586,,,,,,,,,,,,,,,,,,,,,,,,,,,,,,,,,,,,,,,,,,,,,,,,,,
espoo,measurement,ad7b4d73-31eb-4544-91aa-8e049967c90a,ad7b4d73-31eb-4544-91aa-8e049967c90a,2024-10-11T15:57:23.123143+00:00,afternoon,ASCENDING,0.0,1.0,15.18239714298073,15.18239714298073,0.0,5.0,10.0,high,processed,,0.14738352209824435,,0.14513285517259997,13,,,,,,,5.321727103124845,,,,,,,,,,,,,,,,,,,,,,,,,,,,,,,,,,,,,,,,,,,,,,,,,,
espoo,measurement,0a22eed7-464e-4fe9-a72e-6fbec6d5259a,0a22eed7-464e-4fe9-a72e-6fbec6d5259a,2024-10-16T04:50:49.995520+00:00,morning,DESCENDING,0.007304332207736346,0.17976798981689404,14.944150766577126,15.18239714298073,1.5692276664871194,5.0,10.0,low,processed,,0.1549024103187998,,0.08037588518377467,10,,,,,,,5.291246837344494,,,,,,,,,,,,,,,,,,,,,,,,,,,,,,,,,,,,,,,,,,,,,,,,,,
espoo,measurement,a73f4abe-b195-41e1-bc55-b4480937d367,a73f4abe-b195-41e1-bc55-b4480937d367,2024-10-16T16:05:35.258407+00:00,afternoon,ASCENDING,0.003688392752931244,0.6937176757692459,15.060679647918787,15.18239714298073,0.8017014303845658,5.0,10.0,high,processed,,0.22739667132677996,,0.06662988725072896,2,,,,,,,4.010921625470649,,,,,,,,,,,,,,,,,,,,,,,,,,,,,,,,,,,,,,,,,,,,,,,,,,
espoo,measurement,09f3bbda-8145-4ad4-8c8a-d74d46e8b34b,09f3bbda-8145-4ad4-8c8a-d74d46e8b34b,2024-11-04T04:42:37.999615+00:00,morning,DESCENDING,0.0028695225773083684,0.8047779924406581,15.087449592538013,15.18239714298073,0.6253791779291829,5.0,10.0,low,processed,,0.12107538376927317,,0.0005369743614735491,16,,,,,,,5.486570650043915,,,,,,,,,,,,,,,,,,,,,,,,,,,,,,,,,,,,,,,,,,,,,,,,,,
espoo,measurement,17ab5420-3443-46aa-a506-5f6bd53e2193,17ab5420-3443-46aa-a506-5f6bd53e2193,2024-11-04T15:57:23.112706+00:00,afternoon,ASCENDING,0.0,1.0,15.18239714298073,15.18239714298073,0.0,5.0,10.0,high,processed,,0.13932587205337763,,0.052390564704158836,11,,,,,,,4.485123609460791,,,,,,,,,,,,,,,,,,,,,,,,,,,,,,,,,,,,,,,,,,,,,,,,,,
espoo,measurement,b26fd7ce-f6ab-4d20-8703-a57600bda999,b26fd7ce-f6ab-4d20-8703-a57600bda999,2024-11-09T04:50:49.521643+00:00,morning,DESCENDING,0.005562267210919401,0.4104830476835782,14.999952446036628,15.18239714298073,1.201685710273035,5.0,10.0,low,processed,,0.13867140664320313,,0.07252152716474171,6,,,,,,,5.198943918362499,,,,,,,,,,,,,,,,,,,,,,,,,,,,,,,,,,,,,,,,,,,,,,,,,,
espoo,measurement,92392b40-5eae-42c0-b147-6864ad975910,92392b40-5eae-42c0-b147-6864ad975910,2024-11-09T16:05:34.774291+00:00,afternoon,ASCENDING,0.0,1.0,15.18239714298073,15.18239714298073,0.0,5.0,10.0,high,processed,,0.18192644026571608,,0.7422276734745986,6,,,,,,,4.633799735141686,,,,,,,,,,,,,,,,,,,,,,,,,,,,,,,,,,,,,,,,,,,,,,,,,,
espoo,measurement,0ccd905b-6b55-42d3-99db-21ddc2746d56,0ccd905b-6b55-42d3-99db-21ddc2746d56,2024-11-16T04:42:37.583111+00:00,morning,DESCENDING,0.002548749305792297,0.843385180214243,15.09797507318254,15.18239714298073,0.5560523084934541,5.0,10.0,low,processed,,0.11507765257435469,,0.0052243248825572216,21,,,,,,,5.853308894861005,,,,,,,,,,,,,,,,,,,,,,,,,,,,,,,,,,,,,,,,,,,,,,,,,,
espoo,measurement,f76de9aa-068a-4c3b-991b-3f2e123910db,f76de9aa-068a-4c3b-991b-3f2e123910db,2024-11-16T15:57:22.762700+00:00,afternoon,ASCENDING,0.0,1.0,15.18239714298073,15.18239714298073,0.0,5.0,10.0,high,processed,,0.10924774314748144,,0.037645361300644914,11,,,,,,,3.890573175912357,,,,,,,,,,,,,,,,,,,,,,,,,,,,,,,,,,,,,,,,,,,,,,,,,,
espoo,measurement,13336c09-f2cd-452e-aa41-95afeaa5818f,13336c09-f2cd-452e-aa41-95afeaa5818f,2024-12-03T04:50:48.181693+00:00,morning,DESCENDING,0.005287602280773695,0.4517813928898315,15.00880766469868,15.18239714298073,1.1433601469337518,5.0,10.0,low,processed,,0.12588881112193034,,0.04683865339344135,16,,,,,,,5.751947714196512,,,,,,,,,,,,,,,,,,,,,,,,,,,,,,,,,,,,,,,,,,,,,,,,,,
espoo,measurement,c4ab78e5-e636-486e-99e7-9289d2fbc1d9,c4ab78e5-e636-486e-99e7-9289d2fbc1d9,2024-12-03T16:05:33.245208+00:00,afternoon,ASCENDING,0.0,1.0,15.18239714298073,15.18239714298073,0.0,5.0,10.0,high,processed,,0.1289590083026973,,0.8653804744928727,4,,,,,,,4.625554665349558,,,,,,,,,,,,,,,,,,,,,,,,,,,,,,,,,,,,,,,,,,,,,,,,,,
espoo,measurement,6fb2f32f-ae06-4721-a6ca-9e0745610ddc,6fb2f32f-ae06-4721-a6ca-9e0745610ddc,2024-12-10T04:42:35.781247+00:00,morning,DESCENDING,0.0,1.0,15.18239714298073,15.18239714298073,0.0,5.0,10.0,low,processed,,0.12535202155558187,,0.004478118410735781,19,,,,,,,5.577132468473181,,,,,,,,,,,,,,,,,,,,,,,,,,,,,,,,,,,,,,,,,,,,,,,,,,
espoo,measurement,c48ca585-6f35-48cd-bb23-1e660f11e0be,c48ca585-6f35-48cd-bb23-1e660f11e0be,2024-12-10T15:57:20.917698+00:00,afternoon,ASCENDING,0.0,1.0,15.18239714298073,15.18239714298073,0.0,5.0,10.0,high,processed,,0.1458656571358031,,0.17435221836777293,27,,,,,,,4.0857069274572835,,,,,,,,,,,,,,,,,,,,,,,,,,,,,,,,,,,,,,,,,,,,,,,,,,
espoo,measurement,317c0ffe-d62d-4384-bca4-a0db454932bc,317c0ffe-d62d-4384-bca4-a0db454932bc,2024-12-15T04:50:47.274496+00:00,morning,DESCENDING,0.0,1.0,15.18239714298073,15.18239714298073,0.0,5.0,10.0,low,processed,,0.11579159805174866,,0.011963563005300687,3,,,,,,,7.599113126173828,,,,,,,,,,,,,,,,,,,,,,,,,,,,,,,,,,,,,,,,,,,,,,,,,,
espoo,measurement,48ae70e0-2c30-4a8c-a86c-9298c6a5a3c3,48ae70e0-2c30-4a8c-a86c-9298c6a5a3c3,2024-12-15T16:05:32.334472+00:00,afternoon,ASCENDING,0.0,1.0,15.18239714298073,15.18239714298073,0.0,5.0,10.0,high,processed,,0.12689974218494365,,0.032764720730738175,3,,,,,,,4.24425192054806,,,,,,,,,,,,,,,,,,,,,,,,,,,,,,,,,,,,,,,,,,,,,,,,,,
espoo,measurement,55ba93ce-7ec6-4c3c-8710-6fe9299da1c6,55ba93ce-7ec6-4c3c-8710-6fe9299da1c6,2025-01-03T04:42:33.307263+00:00,morning,DESCENDING,0.0,1.0,15.18239714298073,15.18239714298073,0.0,5.0,10.0,low,processed,,0.12656324653688666,,0.0016171750202619896,18,,,,,,,6.450772620090553,,,,,,,,,,,,,,,,,,,,,,,,,,,,,,,,,,,,,,,,,,,,,,,,,,
espoo,measurement,dc93b098-3fdf-495a-b4a8-fb15cec469d0,dc93b098-3fdf-495a-b4a8-fb15cec469d0,2025-01-03T15:57:18.367833+00:00,afternoon,ASCENDING,0.0,1.0,15.18239714298073,15.18239714298073,0.0,5.0,10.0,high,processed,,0.19176303928811197,,0.0121468187445685,48,,,,,,,5.239503091369515,,,,,,,,,,,,,,,,,,,,,,,,,,,,,,,,,,,,,,,,,,,,,,,,,,
espoo,measurement,229261db-afff-4037-b1ea-ac53742cb46b,229261db-afff-4037-b1ea-ac53742cb46b,2025-01-08T04:50:44.930838+00:00,morning,DESCENDING,0.0,1.0,15.18239714298073,15.18239714298073,0.0,5.0,10.0,low,processed,,0.2081226062723417,,0.009936033644979714,4,,,,,,,9.223362942668539,,,,,,,,,,,,,,,,,,,,,,,,,,,,,,,,,,,,,,,,,,,,,,,,,,
espoo,measurement,2bc032bb-d4d2-46dd-8aec-ba005ac06103,2bc032bb-d4d2-46dd-8aec-ba005ac06103,2025-01-08T16:05:30.088287+00:00,afternoon,ASCENDING,0.005125533278531097,0.4764424575673604,15.014040144795098,15.18239714298073,1.1088960234679912,5.0,10.0,high,processed,,0.09122537296370851,,0.5749798635279099,4,,,,,,,5.438423977099168,,,,,,,,,,,,,,,,,,,,,,,,,,,,,,,,,,,,,,,,,,,,,,,,,,
espoo,measurement,357649a5-3b4c-42d3-b71c-b050b968d75d,357649a5-3b4c-42d3-b71c-b050b968d75d,2025-01-15T04:42:32.249752+00:00,morning,DESCENDING,0.006309766231757131,0.3033430949319625,14.975932164464897,15.18239714298073,1.359897100381722,5.0,10.0,low,processed,,0.154139796607532,,0.040171018521809786,22,,,,,,,4.967117920864506,,,,,,,,,,,,,,,,,,,,,,,,,,,,,,,,,,,,,,,,,,,,,,,,,,
espoo,measurement,d012e8b6-7ca1-438d-b14b-819727fc5616,d012e8b6-7ca1-438d-b14b-819727fc5616,2025-01-15T15:57:17.428486+00:00,afternoon,ASCENDING,0.0031657124844049053,0.7664523070999731,15.077750283736929,15.18239714298073,0.6892644044170698,5.0,10.0,high,processed,,0.13743310056687716,,0.014038375822160366,16,,,,,,,5.7689926424069835,,,,,,,,,,,,,,,,,,,,,,,,,,,,,,,,,,,,,,,,,,,,,,,,,,
espoo,measurement,8fc45e1f-356b-442f-84a7-bb4aee6c1687,8fc45e1f-356b-442f-84a7-bb4aee6c1687,2025-02-01T04:50:42.940665+00:00,morning,DESCENDING,0.006254111328281096,0.3109743656753078,14.977716615473406,15.18239714298073,1.3481436796820505,5.0,10.0,low,processed,,0.13356406376256544,,0.06806608598362916,8,,,,,,,5.531808371834254,,,,,,,,,,,,,,,,,,,,,,,,,,,,,,,,,,,,,,,,,,,,,,,,,,
espoo,measurement,30845558-162d-48c6-9828-c15bcd9923eb,30845558-162d-48c6-9828-c15bcd9923eb,2025-02-01T16:05:28.203689+00:00,afternoon,ASCENDING,0.0040686153484743165,0.6377531101244958,15.048298018467928,15.18239714298073,0.8832539634546375,5.0,10.0,high,processed,,0.13153931289609294,,0.29158675203541223,6,,,,,,,5.0354247825172775,,,,,,,,,,,,,,,,,,,,,,,,,,,,,,,,,,,,,,,,,,,,,,,,,,
espoo,measurement,1046c02c-97df-4ea3-b9eb-73087fb6ff58,1046c02c-97df-4ea3-b9eb-73087fb6ff58,2025-02-08T04:42:31.319027+00:00,morning,DESCENDING,0.003081883533902301,0.7775380622635469,15.080493526007398,15.18239714298073,0.671195833000879,5.0,10.0,low,processed,,0.11601049608695999,,0.02210197601582793,20,,,,,,,4.765971598390558,,,,,,,,,,,,,,,,,,,,,,,,,,,,,,,,,,,,,,,,,,,,,,,,,,
espoo,measurement,2c6bb9c0-9830-4163-bce3-479d9fd5cc85,2c6bb9c0-9830-4163-bce3-479d9fd5cc85,2025-02-08T15:57:16.514760+00:00,afternoon,ASCENDING,0.0,1.0,15.18239714298073,15.18239714298073,0.0,5.0,10.0,high,processed,,0.12077232998438338,,0.8629679767701329,2,,,,,,,6.177257776040563,,,,,,,,,,,,,,,,,,,,,,,,,,,,,,,,,,,,,,,,,,,,,,,,,,
espoo,measurement,3ecfaed0-1967-42e6-be1e-a80cf00870b5,3ecfaed0-1967-42e6-be1e-a80cf00870b5,2025-02-13T04:50:42.715109+00:00,morning,DESCENDING,0.0,1.0,15.18239714298073,15.18239714298073,0.0,5.0,10.0,low,processed,,0.2607931184769666,,0.03918798904445133,4,,,,,,,5.634293043900938,,,,,,,,,,,,,,,,,,,,,,,,,,,,,,,,,,,,,,,,,,,,,,,,,,
espoo,measurement,2942acb4-5860-4099-8079-551efdac63f0,2942acb4-5860-4099-8079-551efdac63f0,2025-02-13T16:05:27.870681+00:00,afternoon,ASCENDING,0.0,1.0,15.18239714298073,15.18239714298073,0.0,5.0,10.0,high,processed,,0.17340207187149723,,0.8314783381254868,6,,,,,,,7.1274869424949925,,,,,,,,,,,,,,,,,,,,,,,,,,,,,,,,,,,,,,,,,,,,,,,,,,
espoo,measurement,5c91fd04-fcd8-417c-bb68-91ca02af77a3,5c91fd04-fcd8-417c-bb68-91ca02af77a3,2025-03-04T04:42:30.679638+00:00,morning,DESCENDING,0.0032833350264889127,0.7506036083050474,15.073903693126088,15.18239714298073,0.7146002626126892,5.0,10.0,low,processed,,0.1584264624980474,,0.005683973198431697,20,,,,,,,5.971975326143195,,,,,,,,,,,,,,,,,,,,,,,,,,,,,,,,,,,,,,,,,,,,,,,,,,
espoo,measurement,645104cb-a582-4bdb-96bd-feec3e69f209,645104cb-a582-4bdb-96bd-feec3e69f209,2025-03-04T15:57:15.866810+00:00,afternoon,ASCENDING,0.0,1.0,15.18239714298073,15.18239714298073,0.0,5.0,10.0,high,processed,,0.16641092928300563,,0.16157775455894502,5,,,,,,,6.4832184711601455,,,,,,,,,,,,,,,,,,,,,,,,,,,,,,,,,,,,,,,,,,,,,,,,,,
espoo,measurement,d1c8985e-4408-4ee7-8230-e5df06a1d31b,d1c8985e-4408-4ee7-8230-e5df06a1d31b,2025-03-09T04:50:42.783530+00:00,morning,DESCENDING,0.005281822775253277,0.4526577069704676,15.00899416491508,15.18239714298073,1.142131749239734,5.0,10.0,low,processed,,0.1204476131789254,,0.002639993331809503,8,,,,,,,6.263005529837124,,,,,,,,,,,,,,,,,,,,,,,,,,,,,,,,,,,,,,,,,,,,,,,,,,
espoo,measurement,4defaa2f-b85d-425c-94f1-53e227a11ea8,4defaa2f-b85d-425c-94f1-53e227a11ea8,2025-03-09T16:05:27.973800+00:00,afternoon,ASCENDING,0.003475265802423848,0.7240630259215936,15.067633328957942,15.18239714298073,0.7559004875316782,5.0,10.0,high,processed,,0.1237420877687476,,0.20502745425493243,3,,,,,,,4.860891082160825,,,,,,,,,,,,,,,,,,,,,,,,,,,,,,,,,,,,,,,,,,,,,,,,,,
espoo,measurement,34896b79-5f9c-485e-89e6-2d68762c42a3,34896b79-5f9c-485e-89e6-2d68762c42a3,2025-03-16T04:42:30.911602+00:00,morning,DESCENDING,0.006417772112126614,0.2887229070700933,14.972471014619472,15.18239714298073,1.3826942240034346,5.0,10.0,low,processed,,0.15012989843483057,,0.0063608096319480775,109,,,,,,,5.700672504771873,,,,,,,,,,,,,,,,,,,,,,,,,,,,,,,,,,,,,,,,,,,,,,,,,,
espoo,measurement,46ed7f31-0b79-4cdb-97da-541efccec99a,46ed7f31-0b79-4cdb-97da-541efccec99a,2025-03-16T15:57:16.154469+00:00,afternoon,ASCENDING,0.0,1.0,15.18239714298073,15.18239714298073,0.0,5.0,10.0,high,processed,,0.10202736821993708,,0.3076939660365251,3,,,,,,,5.262620671270392,,,,,,,,,,,,,,,,,,,,,,,,,,,,,,,,,,,,,,,,,,,,,,,,,,
espoo,measurement,0cc3a82b-83e8-456b-a62c-6ea21ce67f33,0cc3a82b-83e8-456b-a62c-6ea21ce67f33,2025-04-02T04:50:43.404852+00:00,morning,DESCENDING,0.0,1.0,15.18239714298073,15.18239714298073,0.0,5.0,10.0,low,processed,,0.1544436911420408,,0.19053960892833338,4,,,,,,,4.59044312513055,,,,,,,,,,,,,,,,,,,,,,,,,,,,,,,,,,,,,,,,,,,,,,,,,,
espoo,measurement,69ebe0dd-8e8e-4752-be5f-c2f757200638,69ebe0dd-8e8e-4752-be5f-c2f757200638,2025-04-02T16:05:28.619796+00:00,afternoon,ASCENDING,0.004200116197108301,0.6179797053707969,15.044022905541764,15.18239714298073,0.9114123160909386,5.0,10.0,high,processed,,0.10863777136936398,,0.22271954638766453,3,,,,,,,7.746568067863146,,,,,,,,,,,,,,,,,,,,,,,,,,,,,,,,,,,,,,,,,,,,,,,,,,
espoo,measurement,2a31ea15-ba29-4294-8d66-95556d2646b2,2a31ea15-ba29-4294-8d66-95556d2646b2,2025-04-03T04:41:16.065235+00:00,morning,DESCENDING,0.002258048556563848,0.8754083709385156,15.107532841338376,15.18239714298073,0.493099350104707,5.0,10.0,low,processed,,0.11840695607740151,,0.02123208151656217,16,,,,,,,4.37945410407646,,,,,,,,,,,,,,,,,,,,,,,,,,,,,,,,,,,,,,,,,,,,,,,,,,
espoo,measurement,68b81d47-5757-4dd9-ac4a-f97c63039a71,68b81d47-5757-4dd9-ac4a-f97c63039a71,2025-04-08T04:49:27.778381+00:00,morning,DESCENDING,0.007986056339198026,0.11193135295783357,14.92248275655376,15.18239714298073,1.7119456432289084,5.0,10.0,low,processed,,0.14474104325445764,,0.05981238198241806,3,,,,,,,3.2813618470844315,,,,,,,,,,,,,,,,,,,,,,,,,,,,,,,,,,,,,,,,,,,,,,,,,,
espoo,measurement,59cd730e-d487-4fb5-a429-496333d8aca1,59cd730e-d487-4fb5-a429-496333d8aca1,2025-04-09T04:42:31.180981+00:00,morning,DESCENDING,0.0,1.0,15.18239714298073,15.18239714298073,0.0,5.0,10.0,low,processed,,0.15067890273284548,,0.007141934892350618,17,,,,,,,4.522291637643929,,,,,,,,,,,,,,,,,,,,,,,,,,,,,,,,,,,,,,,,,,,,,,,,,,
espoo,measurement,22d6ab6c-2c1e-4c83-b34d-6240619280df,22d6ab6c-2c1e-4c83-b34d-6240619280df,2025-04-09T15:57:16.400227+00:00,afternoon,ASCENDING,0.0023615955908543474,0.8643458889603658,15.104126302215533,15.18239714298073,0.5155367760971982,5.0,10.0,high,processed,,0.13519228396730254,,0.10249879148195232,37,,,,,,,5.523574128747058,,,,,,,,,,,,,,,,,,,,,,,,,,,,,,,,,,,,,,,,,,,,,,,,,,
espoo,measurement,177d48ff-9df5-42a3-bcd9-3e790c03ebc6,177d48ff-9df5-42a3-bcd9-3e790c03ebc6,2025-05-02T04:49:28.978164+00:00,morning,DESCENDING,0.006896961951817275,0.22719874218396002,14.957143817046768,15.18239714298073,1.4836479629180452,5.0,10.0,low,processed,,0.1659604364910978,,0.006579599374430449,2,,,,,,,5.620791156355512,,,,,,,,,,,,,,,,,,,,,,,,,,,,,,,,,,,,,,,,,,,,,,,,,,
espoo,measurement,2913d6f9-9635-49d5-9c5a-aa7866e06357,2913d6f9-9635-49d5-9c5a-aa7866e06357,2025-05-02T16:04:14.193957+00:00,afternoon,ASCENDING,0.0,1.0,15.18239714298073,15.18239714298073,0.0,5.0,10.0,high,processed,,0.1981335242819341,,0.6051004420256246,6,,,,,,,5.015250525556786,,,,,,,,,,,,,,,,,,,,,,,,,,,,,,,,,,,,,,,,,,,,,,,,,,
espoo,measurement,be2383fc-ca3f-4586-a39c-370144e969bc,be2383fc-ca3f-4586-a39c-370144e969bc,2025-05-03T04:42:31.425030+00:00,morning,DESCENDING,0.005816542498885049,0.37302684829990224,14.991768547230482,15.18239714298073,1.255589574920195,5.0,10.0,low,processed,,0.13192464687270608,,0.00523912703531637,19,,,,,,,4.938697934367604,,,,,,,,,,,,,,,,,,,,,,,,,,,,,,,,,,,,,,,,,,,,,,,,,,
espoo,measurement,1cf43800-d057-403c-9cd2-eb62898d797b,1cf43800-d057-403c-9cd2-eb62898d797b,2025-05-03T15:57:16.662938+00:00,afternoon,ASCENDING,0.0,1.0,15.18239714298073,15.18239714298073,0.0,5.0,10.0,high,processed,,0.14791148662036838,,0.11798245455958349,25,,,,,,,5.7200925753370395,,,,,,,,,,,,,,,,,,,,,,,,,,,,,,,,,,,,,,,,,,,,,,,,,,
espoo,measurement,c61d2843-1972-4b48-8ff9-2bfe4fb669d9,c61d2843-1972-4b48-8ff9-2bfe4fb669d9,2025-05-08T04:50:43.223288+00:00,morning,DESCENDING,0.006807633873041325,0.23822447791350534,14.95999746412627,15.18239714298073,1.4648522019283492,5.0,10.0,low,processed,,0.14998361351268719,,0.022198489349435073,12,,,,,,,4.82678725571412,,,,,,,,,,,,,,,,,,,,,,,,,,,,,,,,,,,,,,,,,,,,,,,,,,
espoo,measurement,8e2d76a1-753a-45a0-b79f-ba90f06943f8,8e2d76a1-753a-45a0-b79f-ba90f06943f8,2025-05-08T16:05:28.418990+00:00,afternoon,ASCENDING,0.0,1.0,15.18239714298073,15.18239714298073,0.0,5.0,10.0,high,processed,,0.17741386363740852,,0.9087750439794967,4,,,,,,,6.406311427733684,,,,,,,,,,,,,,,,,,,,,,,,,,,,,,,,,,,,,,,,,,,,,,,,,,
espoo,measurement,41c3e1cb-4960-472c-b7f8-eefe4bd4d0f1,41c3e1cb-4960-472c-b7f8-eefe4bd4d0f1,2025-06-01T04:50:42.479224+00:00,morning,DESCENDING,0.0,1.0,15.18239714298073,15.18239714298073,0.0,5.0,10.0,low,processed,,0.1118226763148708,,0.03734846482092782,7,,,,,,,5.314538184948614,,,,,,,,,,,,,,,,,,,,,,,,,,,,,,,,,,,,,,,,,,,,,,,,,,
espoo,measurement,25cd8fd8-e750-4c2a-a2dd-54c4c0ac2858,25cd8fd8-e750-4c2a-a2dd-54c4c0ac2858,2025-06-01T16:05:27.661025+00:00,afternoon,ASCENDING,0.00513014347863267,0.4757387164330137,15.013891226512698,15.18239714298073,1.1098768849287879,5.0,10.0,high,processed,,0.18684145144405,,0.14296499673247742,5,,,,,,,5.420016524132665,,,,,,,,,,,,,,,,,,,,,,,,,,,,,,,,,,,,,,,,,,,,,,,,,,
espoo,measurement,efd5f2b2-2fb3-4248-9c7a-a537d3b4636a,efd5f2b2-2fb3-4248-9c7a-a537d3b4636a,2025-06-02T04:41:19.899539+00:00,morning,DESCENDING,0.00626532226535642,0.30943195685968755,14.97735711034339,15.18239714298073,1.3505115872438915,5.0,10.0,low,processed,,0.14066458277843724,,0.012674190630814356,20,,,,,,,7.069319875509494,,,,,,,,,,,,,,,,,,,,,,,,,,,,,,,,,,,,,,,,,,,,,,,,,,
espoo,measurement,129a68c0-6a7d-42b1-bde9-f609d8eeaba5,129a68c0-6a7d-42b1-bde9-f609d8eeaba5,2025-06-02T15:56:05.123668+00:00,afternoon,ASCENDING,0.0,1.0,15.18239714298073,15.18239714298073,0.0,5.0,10.0,high,processed,,0.1596587933100684,,0.10510613248293424,9,,,,,,,5.012848944318197,,,,,,,,,,,,,,,,,,,,,,,,,,,,,,,,,,,,,,,,,,,,,,,,,,
espoo,measurement,0a97b04f-aa01-4664-906e-bf660aa45146,0a97b04f-aa01-4664-906e-bf660aa45146,2025-06-07T04:49:31.952239+00:00,morning,DESCENDING,0.005975016994890148,0.35016269369293107,14.986674785967299,15.18239714298073,1.2891400163637436,5.0,10.0,low,processed,,0.1417588065660801,,0.16833324382865225,3,,,,,,,5.034620363168199,,,,,,,,,,,,,,,,,,,,,,,,,,,,,,,,,,,,,,,,,,,,,,,,,,
espoo,measurement,27067e69-3cf9-4e84-9433-68a6ae0f2929,27067e69-3cf9-4e84-9433-68a6ae0f2929,2025-06-07T16:04:17.210132+00:00,afternoon,ASCENDING,0.005370525403830841,0.4392380229218,15.006132564272757,15.18239714298073,1.1609798969688017,5.0,10.0,high,processed,,0.14698453455791782,,0.25004910150132986,4,,,,,,,3.31640758709237,,,,,,,,,,,,,,,,,,,,,,,,,,,,,,,,,,,,,,,,,,,,,,,,,,
espoo,measurement,4067b5ad-95e9-4b2e-b773-78930fa7302c,4067b5ad-95e9-4b2e-b773-78930fa7302c,2025-07-01T04:49:33.083480+00:00,morning,DESCENDING,0.0,1.0,15.18239714298073,15.18239714298073,0.0,5.0,10.0,low,processed,,0.13470153615118333,,0.03936943895974081,3,,,,,,,9.405645750466663,,,,,,,,,,,,,,,,,,,,,,,,,,,,,,,,,,,,,,,,,,,,,,,,,,
espoo,measurement,ec5b8e8c-6ef9-45a2-a0a7-9051a3b247c7,ec5b8e8c-6ef9-45a2-a0a7-9051a3b247c7,2025-07-01T16:04:18.329791+00:00,afternoon,ASCENDING,0.004680574781679723,0.5446757352012226,15.02843404189905,15.18239714298073,1.014089538244366,5.0,10.0,high,processed,,0.1623238317362605,,0.0883284205942772,2,,,,,,,5.064000938536205,,,,,,,,,,,,,,,,,,,,,,,,,,,,,,,,,,,,,,,,,,,,,,,,,,
espoo,measurement,bae8238c-8638-4a26-be02-180a9005cbc1,bae8238c-8638-4a26-be02-180a9005cbc1,2025-07-02T04:42:28.844860+00:00,morning,DESCENDING,0.0,1.0,15.18239714298073,15.18239714298073,0.0,5.0,10.0,low,processed,,0.12569036447279572,,0.0053722394271566686,24,,,,,,,5.213562077911988,,,,,,,,,,,,,,,,,,,,,,,,,,,,,,,,,,,,,,,,,,,,,,,,,,
espoo,measurement,827bc557-d3a2-4064-911a-e47af296f708,827bc557-d3a2-4064-911a-e47af296f708,2025-07-02T15:57:14.036198+00:00,afternoon,ASCENDING,0.0,1.0,15.18239714298073,15.18239714298073,0.0,5.0,10.0,high,processed,,0.14737120180076868,,0.27473923426204955,12,,,,,,,5.466314808396391,,,,,,,,,,,,,,,,,,,,,,,,,,,,,,,,,,,,,,,,,,,,,,,,,,
espoo,measurement,7bc7aa38-a98a-4c1b-8729-3fd156be26bd,7bc7aa38-a98a-4c1b-8729-3fd156be26bd,2025-07-07T04:50:40.498328+00:00,morning,DESCENDING,0.005912100690334684,0.35919128601414363,14.988696449661777,15.18239714298073,1.2758241764773344,5.0,10.0,low,processed,,0.16630080504442596,,0.02762996845244594,9,,,,,,,5.048321148590197,,,,,,,,,,,,,,,,,,,,,,,,,,,,,,,,,,,,,,,,,,,,,,,,,,
espoo,measurement,a9df32cf-a6e9-425c-967b-af4b5cbe7cf4,a9df32cf-a6e9-425c-967b-af4b5cbe7cf4,2025-07-07T16:05:25.684768+00:00,afternoon,ASCENDING,0.0,1.0,15.18239714298073,15.18239714298073,0.0,5.0,10.0,high,processed,,0.12701147892242381,,0.36311030489782403,4,,,,,,,2.723322777773961,,,,,,,,,,,,,,,,,,,,,,,,,,,,,,,,,,,,,,,,,,,,,,,,,,
espoo,measurement,fb23e1f6-7195-4fa6-b864-72bdb5c4143f,fb23e1f6-7195-4fa6-b864-72bdb5c4143f,2025-08-01T04:41:23.360065+00:00,morning,DESCENDING,0.007532378933724356,0.15539657680241833,14.936891996568908,15.18239714298073,1.617038100767409,5.0,10.0,low,processed,,0.18627524332854486,,0.0007816391425381759,56,,,,,,,5.678507495422651,,,,,,,,,,,,,,,,,,,,,,,,,,,,,,,,,,,,,,,,,,,,,,,,,,
espoo,measurement,70fc7c59-033f-4258-b887-4fc4ac82d692,70fc7c59-033f-4258-b887-4fc4ac82d692,2025-08-01T15:56:08.587245+00:00,afternoon,ASCENDING,0.0,1.0,15.18239714298073,15.18239714298073,0.0,5.0,10.0,high,processed,,0.1316447609687097,,0.019697763135120238,16,,,,,,,5.531558028480034,,,,,,,,,,,,,,,,,,,,,,,,,,,,,,,,,,,,,,,,,,,,,,,,,,
espoo,measurement,a416eebd-3891-4584-a222-f85d13913734,a416eebd-3891-4584-a222-f85d13913734,2025-08-06T04:49:35.390182+00:00,morning,DESCENDING,0.0,1.0,15.18239714298073,15.18239714298073,0.0,5.0,10.0,low,processed,,0.19699810606920476,,0.08629496124755358,5,,,,,,,5.4359413297838195,,,,,,,,,,,,,,,,,,,,,,,,,,,,,,,,,,,,,,,,,,,,,,,,,,
espoo,measurement,f08c0c91-24a9-49eb-8cd2-4a332a7a48e3,f08c0c91-24a9-49eb-8cd2-4a332a7a48e3,2025-08-06T16:04:20.654422+00:00,afternoon,ASCENDING,0.005506178942264431,0.4188545333407091,15.001759462624,15.18239714298073,1.1897836596920015,5.0,10.0,high,processed,,0.15118961095026603,,0.18127820181450088,3,,,,,,,6.193190278866392,,,,,,,,,,,,,,,,,,,,,,,,,,,,,,,,,,,,,,,,,,,,,,,,,,
espoo,measurement,b6ab9078-a2da-4eff-b0bc-a10501936f21,b6ab9078-a2da-4eff-b0bc-a10501936f21,2025-08-07T04:42:27.676602+00:00,morning,DESCENDING,0.001645215832876719,0.9323184561314739,15.127741397907148,15.18239714298073,0.35999417324457755,5.0,10.0,low,processed,,0.1326813101926768,,0.036625066156148134,22,,,,,,,6.341780350738805,,,,,,,,,,,,,,,,,,,,,,,,,,,,,,,,,,,,,,,,,,,,,,,,,,
espoo,measurement,e6c2da8b-d146-46bd-b856-9268be002ef7,e6c2da8b-d146-46bd-b856-9268be002ef7,2025-08-07T15:57:12.901921+00:00,afternoon,ASCENDING,0.0,1.0,15.18239714298073,15.18239714298073,0.0,5.0,10.0,high,processed,,0.13840289039166218,,0.06362255303848835,29,,,,,,,4.971258459095956,,,,,,,,,,,,,,,,,,,,,,,,,,,,,,,,,,,,,,,,,,,,,,,,,,
espoo,measurement,77226650-5203-4150-b1d3-1fe8fc0092cf,77226650-5203-4150-b1d3-1fe8fc0092cf,2025-09-05T04:50:39.758292+00:00,morning,DESCENDING,0.006443757175577938,0.28524398377236343,14.971638656934068,15.18239714298073,1.3881766104643152,5.0,10.0,low,processed,,0.17875839871945412,,0.04710141075662056,9,,,,,,,5.331675880075534,,,,,,,,,,,,,,,,,,,,,,,,,,,,,,,,,,,,,,,,,,,,,,,,,,
espoo,measurement,df2c7133-b6ac-4512-9dc5-ec6f88fa918c,df2c7133-b6ac-4512-9dc5-ec6f88fa918c,2025-09-05T16:05:24.954894+00:00,afternoon,ASCENDING,0.004333241481325429,0.5978029791508535,15.039698691212685,15.18239714298073,0.9398940788083535,5.0,10.0,high,processed,,0.15618925383844307,,0.02993439385209732,4,,,,,,,3.878583993729772,,,,,,,,,,,,,,,,,,,,,,,,,,,,,,,,,,,,,,,,,,,,,,,,,,
espoo,measurement,cb6e1645-9dd5-427f-a5e0-1d37929d0d43,cb6e1645-9dd5-427f-a5e0-1d37929d0d43,2025-09-06T04:41:24.632587+00:00,morning,DESCENDING,0.0,1.0,15.18239714298073,15.18239714298073,0.0,5.0,10.0,low,processed,,0.143235958279339,,0.010027310952204993,20,,,,,,,5.2109719069637785,,,,,,,,,,,,,,,,,,,,,,,,,,,,,,,,,,,,,,,,,,,,,,,,,,
espoo,measurement,04174d9b-a46f-4fc2-afbd-fdfca0da2d3e,04174d9b-a46f-4fc2-afbd-fdfca0da2d3e,2025-09-06T15:56:09.943935+00:00,afternoon,ASCENDING,0.0,1.0,15.18239714298073,15.18239714298073,0.0,5.0,10.0,high,processed,,0.1554345394499559,,0.09668732861313144,22,,,,,,,5.830558067271988,,,,,,,,,,,,,,,,,,,,,,,,,,,,,,,,,,,,,,,,,,,,,,,,,,
espoo,measurement,8089018e-1a8d-424b-a7c8-c102bcbd55a4,8089018e-1a8d-424b-a7c8-c102bcbd55a4,2025-09-11T04:49:37.053451+00:00,morning,DESCENDING,0.003434943551650643,0.7297046685261489,15.068950004608508,15.18239714298073,0.74722810438845,4.84,17.2,low,processed,,0.13859466847786844,,0.06258757243528502,5,,,,,,,6.043429769484254,,,,,,,,,,,,,,,,,,,,,,,,,,,,,,,,,,,,,,,,,,,,,,,,,,
espoo,measurement,68bf625c-4c2d-4b0b-b39c-8dd3f7649cc7,68bf625c-4c2d-4b0b-b39c-8dd3f7649cc7,2025-09-11T16:04:22.229892+00:00,afternoon,ASCENDING,0.0,1.0,15.18239714298073,15.18239714298073,0.0,6.99,19.2,high,processed,,0.14827205184812944,,0.5009681363763568,6,,,,,,,3.857917153521681,,,,,,,,,,,,,,,,,,,,,,,,,,,,,,,,,,,,,,,,,,,,,,,,,,
espoo,measurement,31ecceaf-4a45-4e23-a5bb-68ad4fdefea7,31ecceaf-4a45-4e23-a5bb-68ad4fdefea7,2025-10-05T04:49:37.347701+00:00,morning,DESCENDING,0.007304182137474897,0.17978456023516462,14.944155546826511,15.18239714298073,1.5691961810152226,5.0,10.0,low,processed,,0.1517099052015377,,0.005260965744721531,6,,,,,,,5.468703855677862,,,,,,,,,,,,,,,,,,,,,,,,,,,,,,,,,,,,,,,,,,,,,,,,,,
espoo,measurement,2b7f37e6-0f8f-4c07-a73a-8eec5c4f85cc,2b7f37e6-0f8f-4c07-a73a-8eec5c4f85cc,2025-10-05T16:04:22.630557+00:00,afternoon,ASCENDING,0.0,1.0,15.18239714298073,15.18239714298073,0.0,5.0,10.0,high,processed,,0.08054833145711342,,0.8948732200763042,5,,,,,,,4.834903563534991,,,,,,,,,,,,,,,,,,,,,,,,,,,,,,,,,,,,,,,,,,,,,,,,,,
espoo,measurement,22705f55-314d-42ec-bddb-42e986fd700b,22705f55-314d-42ec-bddb-42e986fd700b,2025-10-06T04:42:28.725079+00:00,morning,DESCENDING,0.006045147472975898,0.340179083866391,14.984422276039508,15.18239714298073,1.3039763423179256,5.0,10.0,low,processed,,,,0.0009519423951099821,78,,,,,,,,,,,,,,,,,,,,,,,,,,,,,,,,,,,,,,,,,,,,,,,,,,,,,,,,,
espoo,measurement,2634bdb1-c698-4c79-a9ce-21a59c7b4642,2634bdb1-c698-4c79-a9ce-21a59c7b4642,2025-10-06T15:57:14.006169+00:00,afternoon,ASCENDING,0.0,1.0,15.18239714298073,15.18239714298073,0.0,1.79,10.5,high,processed,,,,0.7768860995722298,2,,,,,,,,,,,,,,,,,,,,,,,,,,,,,,,,,,,,,,,,,,,,,,,,,,,,,,,,,
espoo,measurement,30a36a1c-37e9-4032-bb3d-1c1888d99c3a,30a36a1c-37e9-4032-bb3d-1c1888d99c3a,2025-10-11T04:50:40.925253+00:00,morning,DESCENDING,0.002437391635807982,0.8560036935605154,15.10163418846886,15.18239714298073,0.531951270614784,5.0,10.0,low,processed,,,,0.19573725820329915,3,,,,,,,,,,,,,,,,,,,,,,,,,,,,,,,,,,,,,,,,,,,,,,,,,,,,,,,,,
espoo,measurement,c1bc907c-7b1a-4650-a0a2-cacdf8511891,c1bc907c-7b1a-4650-a0a2-cacdf8511891,2025-10-11T16:05:26.102538+00:00,afternoon,ASCENDING,0.0,1.0,15.18239714298073,15.18239714298073,0.0,5.0,10.0,high,processed,,,,0.6733588741874573,4,,,,,,,,,,,,,,,,,,,,,,,,,,,,,,,,,,,,,,,,,,,,,,,,,,,,,,,,,
espoo,measurement,ea465bba-9120-4a56-a21a-81e04dd7bbaa,ea465bba-9120-4a56-a21a-81e04dd7bbaa,2025-11-04T04:50:40.157736+00:00,morning,DESCENDING,0.0030924455523264277,0.7761512749528546,15.08014780908702,15.18239714298073,0.6734729234835125,5.0,10.0,low,processed,,,,0.01419830878725953,4,,,,,,,,,,,,,,,,,,,,,,,,,,,,,,,,,,,,,,,,,,,,,,,,,,,,,,,,,
espoo,measurement,aec7080a-1905-454e-aa50-fe18b2160ffb,aec7080a-1905-454e-aa50-fe18b2160ffb,2025-11-04T16:05:25.297607+00:00,afternoon,ASCENDING,0.003977996898212161,0.6512694336859418,15.051246160328814,15.18239714298073,0.8638358054844472,5.0,10.0,high,processed,,,,0.03503426896399048,10,,,,,,,,,,,,,,,,,,,,,,,,,,,,,,,,,,,,,,,,,,,,,,,,,,,,,,,,,
espoo,measurement,0b409e64-41cc-48c1-a2d9-17dfc075f6fa,0b409e64-41cc-48c1-a2d9-17dfc075f6fa,2025-11-05T04:41:25.226078+00:00,morning,DESCENDING,0.001811434802425595,0.9184042370331097,15.122252205964157,15.18239714298073,0.39614914858408157,5.0,10.0,low,processed,,,,0.002081409483367978,25,,,,,,,,,,,,,,,,,,,,,,,,,,,,,,,,,,,,,,,,,,,,,,,,,,,,,,,,,
espoo,measurement,5d2243ea-ad40-40aa-a216-d7a79da9ea33,5d2243ea-ad40-40aa-a216-d7a79da9ea33,2025-11-05T15:56:10.402278+00:00,afternoon,ASCENDING,0.0,1.0,15.18239714298073,15.18239714298073,0.0,5.0,10.0,high,processed,,,,0.25195852573183264,6,,,,,,,,,,,,,,,,,,,,,,,,,,,,,,,,,,,,,,,,,,,,,,,,,,,,,,,,,
espoo,measurement,9a5e86ff-5d14-4319-9269-db3cdffa6173,9a5e86ff-5d14-4319-9269-db3cdffa6173,2025-11-10T04:49:36.821014+00:00,morning,DESCENDING,0.004957732206187893,0.502122364203168,15.019463458139569,15.18239714298073,1.073174962469543,5.0,10.0,low,processed,,,,0.03830115601217568,2,,,,,,,,,,,,,,,,,,,,,,,,,,,,,,,,,,,,,,,,,,,,,,,,,,,,,,,,,
espoo,measurement,0d4b3a4c-eaee-414e-b3d9-8560f9398215,0d4b3a4c-eaee-414e-b3d9-8560f9398215,2025-11-10T16:04:21.984424+00:00,afternoon,ASCENDING,0.0031920266873732635,0.7629358422590616,15.076889478992443,15.18239714298073,0.6949341595708768,5.0,10.0,high,processed,,,,0.142910083522002,5,,,,,,,,,,,,,,,,,,,,,,,,,,,,,,,,,,,,,,,,,,,,,,,,,,,,,,,,,
espoo,measurement,f8cdc562-ea11-4d4d-a03c-5618d51e6282,f8cdc562-ea11-4d4d-a03c-5618d51e6282,2025-12-05T04:42:25.881695+00:00,morning,DESCENDING,0.0,1.0,15.18239714298073,15.18239714298073,0.0,5.0,10.0,low,processed,,,,0.011507539632767724,26,,,,,,,,,,,,,,,,,,,,,,,,,,,,,,,,,,,,,,,,,,,,,,,,,,,,,,,,,
espoo,measurement,fb1cf65f-8196-42d9-bd16-ca00e99959f8,fb1cf65f-8196-42d9-bd16-ca00e99959f8,2025-12-05T15:57:10.960713+00:00,afternoon,ASCENDING,0.0,1.0,15.18239714298073,15.18239714298073,0.0,5.0,10.0,high,processed,,,,0.3517681984272831,8,,,,,,,,,,,,,,,,,,,,,,,,,,,,,,,,,,,,,,,,,,,,,,,,,,,,,,,,,
espoo,measurement,9b9b5134-1556-4731-a580-c5abfe4d9a9c,9b9b5134-1556-4731-a580-c5abfe4d9a9c,2025-12-10T04:50:37.360953+00:00,morning,DESCENDING,0.005201681800217031,0.4648340965554228,15.011580969600148,15.18239714298073,1.1250935657387586,5.0,10.0,low,processed,,,,0.062295475954946236,9,,,,,,,,,,,,,,,,,,,,,,,,,,,,,,,,,,,,,,,,,,,,,,,,,,,,,,,,,
espoo,measurement,2079677a-7d6d-4c2a-9908-3c14598cf107,2079677a-7d6d-4c2a-9908-3c14598cf107,2025-12-10T16:05:22.530746+00:00,afternoon,ASCENDING,0.0,1.0,15.18239714298073,15.18239714298073,0.0,5.0,10.0,high,processed,,,,0.7315389702538232,5,,,,,,,,,,,,,,,,,,,,,,,,,,,,,,,,,,,,,,,,,,,,,,,,,,,,,,,,,
espoo,measurement,acdf0d86-ea15-4dd8-89bb-501fef4ab149,acdf0d86-ea15-4dd8-89bb-501fef4ab149,2025-12-17T04:42:24.910748+00:00,morning,DESCENDING,0.006767270095257417,0.24327618822375857,14.961287448716249,15.18239714298073,1.4563556214619662,5.0,10.0,low,processed,,,,0.07930420861938811,12,,,,,,,,,,,,,,,,,,,,,,,,,,,,,,,,,,,,,,,,,,,,,,,,,,,,,,,,,
espoo,measurement,87e5262c-2076-4f19-a928-6439cbdb44d0,87e5262c-2076-4f19-a928-6439cbdb44d0,2025-12-17T15:57:10.032826+00:00,afternoon,ASCENDING,0.0,1.0,15.18239714298073,15.18239714298073,0.0,5.0,10.0,high,processed,,,,0.7971635860738693,3,,,,,,,,,,,,,,,,,,,,,,,,,,,,,,,,,,,,,,,,,,,,,,,,,,,,,,,,,
espoo,measurement,fb9cd9db-b7cc-468a-9a48-e4eee4292047,fb9cd9db-b7cc-468a-9a48-e4eee4292047,2026-01-03T04:50:34.846503+00:00,morning,DESCENDING,0.007392600359676369,0.1701417202379843,14.941339919636956,15.18239714298073,1.5877415211419443,5.0,10.0,low,processed,,,,0.031202633542714242,13,,,,,,,,,,,,,,,,,,,,,,,,,,,,,,,,,,,,,,,,,,,,,,,,,,,,,,,,,
espoo,measurement,189e8571-3590-40a7-8faf-709a20a9ed67,189e8571-3590-40a7-8faf-709a20a9ed67,2026-01-03T16:05:20.002914+00:00,afternoon,ASCENDING,0.0,1.0,15.18239714298073,15.18239714298073,0.0,5.0,10.0,high,processed,,,,0.08333631708423746,4,,,,,,,,,,,,,,,,,,,,,,,,,,,,,,,,,,,,,,,,,,,,,,,,,,,,,,,,,
espoo,measurement,9c154dd6-c7ab-4707-abc3-001691d56a8c,9c154dd6-c7ab-4707-abc3-001691d56a8c,2026-01-10T04:42:22.242291+00:00,morning,DESCENDING,0.007484563903231623,0.16037089344718294,14.938413081556714,15.18239714298073,1.6070193601595808,5.0,10.0,low,processed,,,,0.0002365210981620859,21,,,,,,,,,,,,,,,,,,,,,,,,,,,,,,,,,,,,,,,,,,,,,,,,,,,,,,,,,
espoo,measurement,535587c4-c857-471d-80a2-dcfb5171f0cc,535587c4-c857-471d-80a2-dcfb5171f0cc,2026-01-10T04:49:44.005656+00:00,morning,DESCENDING,0.0065025115132906685,0.27743473528029977,14.969757140321285,15.18239714298073,1.4005693610626855,5.0,10.0,low,processed,,,,0.019911102369928976,21,,,,,,,,,,,,,,,,,,,,,,,,,,,,,,,,,,,,,,,,,,,,,,,,,,,,,,,,,
espoo,measurement,462985e7-0c18-463a-9d6e-c0a67ff732d7,462985e7-0c18-463a-9d6e-c0a67ff732d7,2026-01-10T15:57:07.443501+00:00,afternoon,ASCENDING,0.0,1.0,15.18239714298073,15.18239714298073,0.0,5.0,10.0,high,processed,,,,0.2308815788523173,10,,,,,,,,,,,,,,,,,,,,,,,,,,,,,,,,,,,,,,,,,,,,,,,,,,,,,,,,,
espoo,measurement,442d49aa-723f-4b8b-a235-ca830d7012ef,442d49aa-723f-4b8b-a235-ca830d7012ef,2026-01-15T04:50:33.896704+00:00,morning,DESCENDING,0.002204208982295275,0.8810039612237428,15.10930499205334,15.18239714298073,0.48142694621304516,5.0,10.0,low,processed,,,,0.22902556800334403,3,,,,,,,,,,,,,,,,,,,,,,,,,,,,,,,,,,,,,,,,,,,,,,,,,,,,,,,,,
espoo,measurement,fc90a3d9-02f5-4c88-974b-ae4e3e9ad20a,fc90a3d9-02f5-4c88-974b-ae4e3e9ad20a,2026-02-03T04:42:20.667050+00:00,morning,DESCENDING,0.005112297338825894,0.47846353130072505,15.014467715592335,15.18239714298073,1.1060797962727034,5.0,10.0,low,processed,,,,0.000592202874396572,20,,,,,,,,,,,,,,,,,,,,,,,,,,,,,,,,,,,,,,,,,,,,,,,,,,,,,,,,,
espoo,measurement,6d89a81c-80fa-491c-9917-9677f9b8a712,6d89a81c-80fa-491c-9917-9677f9b8a712,2026-02-03T04:49:42.829661+00:00,morning,DESCENDING,0.006380310712370567,0.29376492178352304,14.973671228506925,15.18239714298073,1.3747889250170529,5.0,10.0,low,processed,,,,0.08798792873107493,7,,,,,,,,,,,,,,,,,,,,,,,,,,,,,,,,,,,,,,,,,,,,,,,,,,,,,,,,,
espoo,measurement,36234496-003a-422d-93a5-18f39a82a3bf,36234496-003a-422d-93a5-18f39a82a3bf,2026-02-03T15:57:05.767247+00:00,afternoon,ASCENDING,0.0,1.0,15.18239714298073,15.18239714298073,0.0,5.0,10.0,high,processed,,,,0.015859979607317692,55,,,,,,,,,,,,,,,,,,,,,,,,,,,,,,,,,,,,,,,,,,,,,,,,,,,,,,,,,
espoo,measurement,0a9e75b6-1b73-4083-a531-52826660fb3a,0a9e75b6-1b73-4083-a531-52826660fb3a,2026-02-08T04:50:32.274588+00:00,morning,DESCENDING,0.0,1.0,15.18239714298073,15.18239714298073,0.0,5.0,10.0,low,processed,,,,0.04219782874386097,2,,,,,,,,,,,,,,,,,,,,,,,,,,,,,,,,,,,,,,,,,,,,,,,,,,,,,,,,,
espoo,measurement,a5062134-63d7-4d93-a60b-b0f9c255d325,a5062134-63d7-4d93-a60b-b0f9c255d325,2026-02-08T16:05:17.472991+00:00,afternoon,ASCENDING,0.0,1.0,15.18239714298073,15.18239714298073,0.0,5.0,10.0,high,processed,,,,0.05870383816961135,24,,,,,,,,,,,,,,,,,,,,,,,,,,,,,,,,,,,,,,,,,,,,,,,,,,,,,,,,,
espoo,measurement,079f2cfb-dc55-4ce9-8c2a-93e4a24ca50d,079f2cfb-dc55-4ce9-8c2a-93e4a24ca50d,2026-02-10T04:41:30.996779+00:00,morning,DESCENDING,0.006194628351833971,0.3192009437416755,14.979624510524221,15.18239714298073,1.3355771855187952,5.0,10.0,low,processed,,,,0.09351553446266155,11,,,,,,,,,,,,,,,,,,,,,,,,,,,,,,,,,,,,,,,,,,,,,,,,,,,,,,,,,
espoo,measurement,9c625ef6-d350-4fae-bf36-b8c32320d0f3,9c625ef6-d350-4fae-bf36-b8c32320d0f3,2026-03-04T04:50:31.394827+00:00,morning,DESCENDING,0.007235617943111427,0.18742688759240278,14.946340030072458,15.18239714298073,1.5548079179143854,5.0,10.0,low,processed,,,,0.033459477639338535,8,,,,,,,,,,,,,,,,,,,,,,,,,,,,,,,,,,,,,,,,,,,,,,,,,,,,,,,,,
espoo,measurement,0c624d62-1cba-4ea1-9a95-6bfe385da8dc,0c624d62-1cba-4ea1-9a95-6bfe385da8dc,2026-03-04T16:05:16.634002+00:00,afternoon,ASCENDING,0.0049592916969401065,0.501883229557633,15.019413028500725,15.18239714298073,1.0735071210764389,5.0,10.0,high,processed,,,,0.0914430487751274,6,,,,,,,,,,,,,,,,,,,,,,,,,,,,,,,,,,,,,,,,,,,,,,,,,,,,,,,,,
espoo,measurement,49134629-bb1e-4df0-81f0-baf43cdbd75e,49134629-bb1e-4df0-81f0-baf43cdbd75e,2026-03-06T04:41:30.607970+00:00,morning,DESCENDING,0.003461909334113566,0.7259354957726049,15.068069430484966,15.18239714298073,0.7530280720434204,5.0,10.0,low,processed,,,,0.0056521240221265295,15,,,,,,,,,,,,,,,,,,,,,,,,,,,,,,,,,,,,,,,,,,,,,,,,,,,,,,,,,
espoo,measurement,8696705d-ee2e-4924-9bfb-240e8c1bc025,8696705d-ee2e-4924-9bfb-240e8c1bc025,2026-03-11T04:42:19.868130+00:00,morning,DESCENDING,0.0074940141669077205,0.15938197710877577,14.93811241425954,15.18239714298073,1.6089997279127208,5.0,10.0,low,processed,,,,0.010896687716833994,44,,,,,,,,,,,,,,,,,,,,,,,,,,,,,,,,,,,,,,,,,,,,,,,,,,,,,,,,,
espoo,measurement,bf6d1612-20e5-4c44-9da7-ad7a4a8bf580,bf6d1612-20e5-4c44-9da7-ad7a4a8bf580,2026-03-11T15:57:05.079976+00:00,afternoon,ASCENDING,0.00279167627251033,0.8144406518030726,15.090001927547224,15.18239714298073,0.6085680315392258,4.96,2.3,high,processed,,,,0.7743714204549995,2,,,,,,,,,,,,,,,,,,,,,,,,,,,,,,,,,,,,,,,,,,,,,,,,,,,,,,,,,
espoo,measurement,c1fd23c8-81df-4ecb-acf2-a2f71d129aa4,c1fd23c8-81df-4ecb-acf2-a2f71d129aa4,2026-03-16T04:50:31.644110+00:00,morning,DESCENDING,0.005759874570435099,0.3812975292909071,14.993591255339235,15.18239714298073,1.2435841709540933,2.69,0.9,low,processed,,,,0.034177990733021635,6,,,,,,,,,,,,,,,,,,,,,,,,,,,,,,,,,,,,,,,,,,,,,,,,,,,,,,,,,
espoo,measurement,f42e70e5-7c57-4257-9552-05c022deaf4f,f42e70e5-7c57-4257-9552-05c022deaf4f,2026-04-04T04:42:19.843182+00:00,morning,DESCENDING,0.002268270267636877,0.8743338147628658,15.107196460132839,15.18239714298073,0.4953149501997998,5.0,10.0,low,processed,,,,0.014287592697046865,15,,,,,,,,,,,,,,,,,,,,,,,,,,,,,,,,,,,,,,,,,,,,,,,,,,,,,,,,,
espoo,measurement,8ed304cb-da12-439e-b189-b52fa6dbe211,8ed304cb-da12-439e-b189-b52fa6dbe211,2026-04-04T15:57:05.096348+00:00,afternoon,ASCENDING,0.0038778103568191213,0.6660925076694643,15.054507604046915,15.18239714298073,0.8423540612816977,5.0,10.0,high,processed,,,,0.17488184417724548,9,,,,,,,,,,,,,,,,,,,,,,,,,,,,,,,,,,,,,,,,,,,,,,,,,,,,,,,,,
espoo,measurement,604bbd6a-0421-4688-a394-83ad107771d8,604bbd6a-0421-4688-a394-83ad107771d8,2026-04-09T04:50:31.871390+00:00,morning,DESCENDING,0.007124215479108748,0.20014438990107408,14.949891401722933,15.18239714298073,1.5314165415919876,3.25,-2.1,low,processed,,,,0.02782500060542087,9,,,,,,,,,,,,,,,,,,,,,,,,,,,,,,,,,,,,,,,,,,,,,,,,,,,,,,,,,
espoo,measurement,c8815119-b78b-4503-8ddc-5742df4bca60,c8815119-b78b-4503-8ddc-5742df4bca60,2026-04-09T16:05:17.062148+00:00,afternoon,ASCENDING,0.0,1.0,15.18239714298073,15.18239714298073,0.0,2.16,3.2,high,processed,,,,0.5523895391833961,4,,,,,,,,,,,,,,,,,,,,,,,,,,,,,,,,,,,,,,,,,,,,,,,,,,,,,,,,,
espoo,measurement,95f9939b-b426-4a09-b572-0bb4b6c37687,95f9939b-b426-4a09-b572-0bb4b6c37687,2026-04-16T04:42:19.985165+00:00,morning,DESCENDING,0.006697258938767077,0.2521387319938043,14.963525724461679,15.18239714298073,1.4416130500198467,5.0,10.0,low,processed,,,,0.014052917806776942,117,,,,,,,,,,,,,,,,,,,,,,,,,,,,,,,,,,,,,,,,,,,,,,,,,,,,,,,,,
espoo,measurement,c9a6ebd0-4eff-41fe-8889-e37da6be7caa,c9a6ebd0-4eff-41fe-8889-e37da6be7caa,2026-04-16T15:57:05.203404+00:00,afternoon,ASCENDING,0.004210482827386866,0.6164137889577985,15.043686039707309,15.18239714298073,0.9136311082308302,5.0,10.0,high,processed,,,,0.5644791835388167,6,,,,,,,,,,,,,,,,,,,,,,,,,,,,,,,,,,,,,,,,,,,,,,,,,,,,,,,,,
espoo,measurement,a01d0494-ebf4-44c5-9814-dac7aa71c121,a01d0494-ebf4-44c5-9814-dac7aa71c121,2026-05-03T04:50:31.587180+00:00,morning,DESCENDING,0.0036244045637376008,0.7029167073299005,15.06276637557256,15.18239714298073,0.7879570418395928,2.02,9.6,low,processed,,,,0.0288949483972383,12,,,,,,,,,,,,,,,,,,,,,,,,,,,,,,,,,,,,,,,,,,,,,,,,,,,,,,,,,
espoo,measurement,ae7630ca-60d6-4eba-ad5b-1c4c4f120a12,ae7630ca-60d6-4eba-ad5b-1c4c4f120a12,2026-05-03T16:05:16.776092+00:00,afternoon,ASCENDING,0.0,1.0,15.18239714298073,15.18239714298073,0.0,1.63,14.0,high,processed,,,,0.8971642381903739,4,,,,,,,,,,,,,,,,,,,,,,,,,,,,,,,,,,,,,,,,,,,,,,,,,,,,,,,,,
espoo,measurement,62d93f05-72f3-486d-bd5b-89116f8e8826,62d93f05-72f3-486d-bd5b-89116f8e8826,2026-05-05T04:41:32.944568+00:00,morning,DESCENDING,0.002280047390161625,0.8730909555979957,15.106808920522269,15.18239714298073,0.49786750897506965,4.29,8.0,low,processed,,,,0.009114355122625048,15,,,,,,,,,,,,,,,,,,,,,,,,,,,,,,,,,,,,,,,,,,,,,,,,,,,,,,,,,
espoo,measurement,73f1c3d5-7345-4422-977a-8c619eb28f2b,73f1c3d5-7345-4422-977a-8c619eb28f2b,2026-05-05T15:56:18.154903+00:00,afternoon,ASCENDING,0.0,1.0,15.18239714298073,15.18239714298073,0.0,5.04,9.3,high,processed,,,,0.08019561833859824,23,,,,,,,,,,,,,,,,,,,,,,,,,,,,,,,,,,,,,,,,,,,,,,,,,,,,,,,,,
espoo,measurement,77651c3c-fb3e-4ef4-b29e-726ceb912ab6,77651c3c-fb3e-4ef4-b29e-726ceb912ab6,2026-05-10T04:42:19.499478+00:00,morning,DESCENDING,0.0010583923153891898,0.9715586201492881,15.147168486856183,15.18239714298073,0.2320361916025493,5.0,10.0,low,processed,,,,0.01547294770115434,8,,,,,,,,,,,,,,,,,,,,,,,,,,,,,,,,,,,,,,,,,,,,,,,,,,,,,,,,,
espoo,measurement,c4ec8715-37b6-4c31-8dd7-5b99e040de4b,c4ec8715-37b6-4c31-8dd7-5b99e040de4b,2026-05-10T04:49:45.288116+00:00,morning,DESCENDING,0.005569334172565812,0.4094308143712993,14.99972481342524,15.18239714298073,1.2031850295784396,5.0,10.0,low,processed,,,,0.10800667589534482,4,,,,,,,,,,,,,,,,,,,,,,,,,,,,,,,,,,,,,,,,,,,,,,,,,,,,,,,,,
espoo,measurement,8d772439-2989-4c08-b0b3-1d4de07934e6,8d772439-2989-4c08-b0b3-1d4de07934e6,2026-06-02T04:49:36.710082+00:00,morning,DESCENDING,0.005645420046812626,0.3981402216675132,14.997274681465031,15.18239714298073,1.2193230079038335,5.0,10.0,low,processed,,,,0.09532077366678493,7,,,,,,,,,,,,,,,,,,,,,,,,,,,,,,,,,,,,,,,,,,,,,,,,,,,,,,,,,
espoo,measurement,970a5bf4-90f9-4ad2-9568-d000e015e796,970a5bf4-90f9-4ad2-9568-d000e015e796,2026-06-02T16:04:21.911441+00:00,afternoon,ASCENDING,0.006323235853839306,0.30150597653191463,14.97550038676663,15.18239714298073,1.362741036646866,5.0,10.0,high,processed,,,,0.11261255852178545,5,,,,,,,,,,,,,,,,,,,,,,,,,,,,,,,,,,,,,,,,,,,,,,,,,,,,,,,,,
espoo,measurement,1bb095fe-9039-48d3-aace-5952ce31fa3c,1bb095fe-9039-48d3-aace-5952ce31fa3c,2026-06-03T04:42:18.298153+00:00,morning,DESCENDING,0.006462924661652168,0.2826876339489511,14.9710247699285,15.18239714298073,1.3922200233706412,0.85,15.0,low,processed,,,,0.010419058347981245,151,,,,,,,,,,,,,,,,,,,,,,,,,,,,,,,,,,,,,,,,,,,,,,,,,,,,,,,,,
espoo,measurement,405fabc5-61ab-49d2-b639-67ce18ba1521,405fabc5-61ab-49d2-b639-67ce18ba1521,2026-06-03T04:49:46.642455+00:00,morning,DESCENDING,0.0,1.0,15.18239714298073,15.18239714298073,0.0,0.85,15.0,low,processed,,,,0.10124211584349721,7,,,,,,,,,,,,,,,,,,,,,,,,,,,,,,,,,,,,,,,,,,,,,,,,,,,,,,,,,
espoo,measurement,3f1a91d1-d416-4b9c-a380-7615f8a976da,3f1a91d1-d416-4b9c-a380-7615f8a976da,2026-06-03T15:57:03.521306+00:00,afternoon,ASCENDING,0.0,1.0,15.18239714298073,15.18239714298073,0.0,5.0,10.0,high,processed,,,,0.048012842442434964,35,,,,,,,,,,,,,,,,,,,,,,,,,,,,,,,,,,,,,,,,,,,,,,,,,,,,,,,,,
espoo,measurement,2cfc0876-fd32-48f0-86b4-2c211e58589b,2cfc0876-fd32-48f0-86b4-2c211e58589b,2026-06-03T16:04:31.921130+00:00,afternoon,ASCENDING,0.005356504554758409,0.44135479863385996,15.00658477646475,15.18239714298073,1.1580013673747314,5.0,10.0,high,processed,,,,0.25823426369048114,3,,,,,,,,,,,,,,,,,,,,,,,,,,,,,,,,,,,,,,,,,,,,,,,,,,,,,,,,,
espoo,measurement,665dd412-041c-46f9-a334-cff55b18bed3,665dd412-041c-46f9-a334-cff55b18bed3,2026-07-03T04:49:35.638961+00:00,morning,DESCENDING,0.0032927235351344337,0.749324403636253,15.073596789131262,15.18239714298073,0.7166217088437127,5.0,10.0,low,processed,,,,0.09867316051933149,3,,,,,,,,,,,,,,,,,,,,,,,,,,,,,,,,,,,,,,,,,,,,,,,,,,,,,,,,,
espoo,measurement,18b8791f-3b82-478c-b01e-43a9b6faf882,18b8791f-3b82-478c-b01e-43a9b6faf882,2026-07-03T16:04:20.855349+00:00,afternoon,ASCENDING,0.005696137398718977,0.3906549370232778,14.995642138292116,15.18239714298073,1.2300758762258837,5.0,10.0,high,processed,,,,0.11101137774924479,3,,,,,,,,,,,,,,,,,,,,,,,,,,,,,,,,,,,,,,,,,,,,,,,,,,,,,,,,,
espoo,measurement,7eed8fc1-bc80-4c48-a034-9f7aa17b62d8,7eed8fc1-bc80-4c48-a034-9f7aa17b62d8,2026-07-04T04:41:36.947193+00:00,morning,DESCENDING,0.006428903278725422,0.2872307813783771,14.9721144423238,15.18239714298073,1.3850428142314082,1.84,14.7,low,processed,,,,0.025110658522665807,100,,,,,,,,,,,,,,,,,,,,,,,,,,,,,,,,,,,,,,,,,,,,,,,,,,,,,,,,,
espoo,measurement,681bd7d3-a670-48ab-9ed4-f31a6a7f77b1,681bd7d3-a670-48ab-9ed4-f31a6a7f77b1,2026-07-04T15:56:22.208458+00:00,afternoon,ASCENDING,0.0055514858653784305,0.41208945291812776,15.000299741955946,15.18239714298073,1.1993982195952027,2.35,15.9,high,processed,,,,0.031032491083465282,11,,,,,,,,,,,,,,,,,,,,,,,,,,,,,,,,,,,,,,,,,,,,,,,,,,,,,,,,,
espoo,measurement,d1c13a02-0c36-454c-a05d-91a31d1ded1b,d1c13a02-0c36-454c-a05d-91a31d1ded1b,2026-07-09T04:49:49.099456+00:00,morning,DESCENDING,0.00600502667104556,0.3458799979232153,14.98571078551182,15.18239714298073,1.2954894778249375,5.0,10.0,low,processed,,,,0.00902278683705191,6,,,,,,,,,,,,,,,,,,,,,,,,,,,,,,,,,,,,,,,,,,,,,,,,,,,,,,,,,
espoo,measurement,b3b2aadd-2134-4258-8bb1-dbe418428ddf,b3b2aadd-2134-4258-8bb1-dbe418428ddf,2026-07-09T16:04:34.336829+00:00,afternoon,ASCENDING,0.005423287981735701,0.43128834078331274,15.004431187640543,15.18239714298073,1.172186142044538,5.0,10.0,high,processed,,,,0.04055332404770394,4,,,,,,,,,,,,,,,,,,,,,,,,,,,,,,,,,,,,,,,,,,,,,,,,,,,,,,,,,
espoo,measurement,cd62d2b8-99e9-4915-b9f1-d8d60122d256,cd62d2b8-99e9-4915-b9f1-d8d60122d256,2026-08-02T04:49:50.576171+00:00,morning,DESCENDING,0.006326795939212732,0.3010210642775762,14.97538627210089,15.18239714298073,1.3634926614704381,5.0,10.0,low,processed,,,,0.035175150010857796,5,,,,,,,,,,,,,,,,,,,,,,,,,,,,,,,,,,,,,,,,,,,,,,,,,,,,,,,,,
espoo,measurement,d119dc07-5720-4d7a-a480-ceb26c679178,d119dc07-5720-4d7a-a480-ceb26c679178,2026-08-02T16:04:35.794578+00:00,afternoon,ASCENDING,0.0,1.0,15.18239714298073,15.18239714298073,0.0,5.0,10.0,high,processed,,,,0.048185634548259665,9,,,,,,,,,,,,,,,,,,,,,,,,,,,,,,,,,,,,,,,,,,,,,,,,,,,,,,,,,
espoo,measurement,1fed09d2-0563-4afe-ae50-ae8b0c33b420,1fed09d2-0563-4afe-ae50-ae8b0c33b420,2026-08-03T04:41:25.545291+00:00,morning,DESCENDING,0.0,1.0,15.18239714298073,15.18239714298073,0.0,5.0,10.0,low,processed,,,,0.034500097649847794,19,,,,,,,,,,,,,,,,,,,,,,,,,,,,,,,,,,,,,,,,,,,,,,,,,,,,,,,,,
espoo,measurement,cd047260-fc2c-4a62-b9cc-da4687f987b1,cd047260-fc2c-4a62-b9cc-da4687f987b1,2026-08-03T15:56:10.757457+00:00,afternoon,ASCENDING,0.0,1.0,15.18239714298073,15.18239714298073,0.0,4.9,18.4,high,processed,,,,0.06917745097807597,14,,,,,,,,,,,,,,,,,,,,,,,,,,,,,,,,,,,,,,,,,,,,,,,,,,,,,,,,,
espoo,measurement,d14ef6e9-8773-47ff-b44d-e9842280583f,d14ef6e9-8773-47ff-b44d-e9842280583f,2026-08-08T04:49:37.576171+00:00,morning,DESCENDING,0.0,1.0,15.18239714298073,15.18239714298073,0.0,2.06,14.8,low,processed,,,,0.12685714591914887,6,,,,,,,,,,,,,,,,,,,,,,,,,,,,,,,,,,,,,,,,,,,,,,,,,,,,,,,,,
espoo,measurement,a90a90a8-1b45-4d37-b7ee-605891fcd7f8,a90a90a8-1b45-4d37-b7ee-605891fcd7f8,2026-08-08T16:04:22.849917+00:00,afternoon,ASCENDING,0.0,1.0,15.18239714298073,15.18239714298073,0.0,5.0,10.0,high,processed,,,,0.43769115325560864,5,,,,,,,,,,,,,,,,,,,,,,,,,,,,,,,,,,,,,,,,,,,,,,,,,,,,,,,,,
espoo,measurement,b4404924-d132-4849-bb5c-3e984ab764be,b4404924-d132-4849-bb5c-3e984ab764be,2026-09-01T04:49:38.859390+00:00,morning,DESCENDING,0.0,1.0,15.18239714298073,15.18239714298073,0.0,5.0,10.0,low,processed,,,,0.26840680428758695,4,,,,,,,,,,,,,,,,,,,,,,,,,,,,,,,,,,,,,,,,,,,,,,,,,,,,,,,,,
espoo,measurement,2d625963-2416-48a9-9f71-c63239da4746,2d625963-2416-48a9-9f71-c63239da4746,2026-09-01T16:04:24.049472+00:00,afternoon,ASCENDING,0.005555192089277913,0.41153707907568576,15.00018035186991,15.18239714298073,1.200184591371094,5.0,10.0,high,processed,,,,0.2218964391851128,4,,,,,,,,,,,,,,,,,,,,,,,,,,,,,,,,,,,,,,,,,,,,,,,,,,,,,,,,,
espoo,measurement,94f10f73-0977-4e00-9c81-d15e16730cd7,94f10f73-0977-4e00-9c81-d15e16730cd7,2026-09-02T04:41:39.929325+00:00,morning,DESCENDING,0.0,1.0,15.18239714298073,15.18239714298073,0.0,2.4,12.1,low,processed,,,,0.011687797768499491,17,,,,,,,,,,,,,,,,,,,,,,,,,,,,,,,,,,,,,,,,,,,,,,,,,,,,,,,,,
espoo,measurement,f1ccdb4f-9e16-4509-b3d5-82c9c8841bda,f1ccdb4f-9e16-4509-b3d5-82c9c8841bda,2026-09-02T15:56:25.160549+00:00,afternoon,ASCENDING,0.0,1.0,15.18239714298073,15.18239714298073,0.0,5.0,10.0,high,processed,,,,0.07940730224313887,6,,,,,,,,,,,,,,,,,,,,,,,,,,,,,,,,,,,,,,,,,,,,,,,,,,,,,,,,,
espoo,measurement,dc50fcb0-124e-434e-8452-6f4a758dbf05,dc50fcb0-124e-434e-8452-6f4a758dbf05,2026-09-07T04:49:51.968246+00:00,morning,DESCENDING,0.00669351286283903,0.2526164749354959,14.963645515845066,15.18239714298073,1.4408240350687893,5.0,10.0,low,processed,,,,0.02639863368291837,6,,,,,,,,,,,,,,,,,,,,,,,,,,,,,,,,,,,,,,,,,,,,,,,,,,,,,,,,,
espoo,measurement,b1695926-6b6d-446b-9c6a-83860ec51f5b,b1695926-6b6d-446b-9c6a-83860ec51f5b,2026-09-07T16:04:37.188438+00:00,afternoon,ASCENDING,0.0,1.0,15.18239714298073,15.18239714298073,0.0,5.0,10.0,high,processed,,,,0.38221179720910703,9,,,,,,,,,,,,,,,,,,,,,,,,,,,,,,,,,,,,,,,,,,,,,,,,,,,,,,,,,
